10018535,01-2022,2,Commercial,13,ROP,0,0,0,4812,0,4812
10018535,10-2023,2,Commercial,13,ROP,0,0,0,3987,0,3987
10018535,01-2023,2,Commercial,13,ROP,0,0,0,3984,0,3984
10018535,03-2023,2,Commercial,13,ROP,0,0,0,3804,0,3804
10018535,04-2023,2,Commercial,13,ROP,0,0,0,3660,0,3660
10018535,02-2023,2,Commercial,13,ROP,0,0,0,3528,0,3528
10018535,12-2023,2,Commercial,13,ROP,0,0,0,3420,0,3420
10018535,11-2023,2,Commercial,13,ROP,0,120,0,3240,0,3360
10018535,05-2022,2,Commercial,13,ROP,0,0,0,3336,0,3336
10018535,01-2024,2,Commercial,13,ROP,0,60,0,3276,0,3336
10018535,09-2023,2,Commercial,13,ROP,0,0,0,3312,0,3312
10018535,02-2024,2,Commercial,13,ROP,0,0,0,3060,0,3060
10018535,06-2023,2,Commercial,13,ROP,0,0,0,2976,0,2976
10018535,08-2023,2,Commercial,13,ROP,0,0,0,2820,0,2820
10018535,02-2022,2,Commercial,13,ROP,0,0,0,2484,0,2484
10018535,07-2023,2,Commercial,13,ROP,0,0,0,2400,0,2400
10018535,05-2023,2,Commercial,13,ROP,0,0,0,2400,0,2400
1665,08-2022,1,Government,2,PID(I),540,864,0,864,0,2268
10018535,12-2022,2,Commercial,13,ROP,0,0,0,2244,0,2244
522,01-2024,1,Government,10000159,DIRECT CLIENT,2148,0,0,0,0,2148
10024918,07-2023,1,Government,5,INF-KRY,456,336,0,1320,0,2112
10008843,09-2023,2,Commercial,18,BUILDERS,972,648,0,432,0,2052
10008973,12-2022,1,Government,5,INF-KRY,909,864,0,216,0,1989
1683,11-2023,1,Government,2,PID(I),170,290,0,1520,0,1980
10008973,02-2024,1,Government,5,INF-KRY,648,648,0,648,0,1944
10006694,02-2024,2,Commercial,10000165,Political Ad,216,432,0,1240,0,1888
10023158,08-2023,1,Government,5,INF-KRY,0,80,0,1728,0,1808
10018535,07-2022,2,Commercial,13,ROP,0,0,0,1788,0,1788
476,08-2023,1,Government,5,INF-KRY,0,0,0,1768,0,1768
10019201,08-2023,1,Government,5,INF-KRY,0,0,0,1728,0,1728
10021641,08-2023,1,Government,5,INF-KRY,0,0,0,1728,0,1728
10030523,08-2023,1,Government,5,INF-KRY,0,0,0,1728,0,1728
10006694,01-2024,2,Commercial,10000165,Political Ad,904,216,0,592,0,1712
10018535,11-2022,2,Commercial,13,ROP,0,0,0,1620,0,1620
10028707,02-2024,2,Commercial,10000165,Political Ad,783,793,0,0,0,1576
10025228,11-2022,1,Government,5,INF-KRY,648,432,0,432,0,1512
522,02-2024,1,Government,10000159,DIRECT CLIENT,1502,0,0,0,0,1502
10000429,02-2023,2,Commercial,13,ROP,0,0,0,1500,0,1500
1683,02-2023,1,Government,2,PID(I),175,470,0,796,0,1441
10018535,09-2022,2,Commercial,13,ROP,0,0,0,1440,0,1440
10021641,02-2023,1,Government,5,INF-KRY,768,432,0,216,0,1416
4927,03-2022,1,Government,2,PID(I),432,0,0,972,0,1404
10001714,07-2023,1,Government,5,INF-KRY,432,484,0,484,0,1400
10018535,10-2022,2,Commercial,13,ROP,0,0,0,1380,0,1380
10008973,02-2023,1,Government,5,INF-KRY,513,432,0,432,0,1377
1683,10-2023,1,Government,2,PID(I),321,305,0,740,0,1366
10008973,08-2023,1,Government,5,INF-KRY,472,432,0,432,0,1336
1683,11-2022,1,Government,2,PID(I),380,400,0,538,0,1318
10021559,09-2022,1,Government,5,INF-KRY,216,1080,0,0,0,1296
10021642,01-2024,1,Government,5,INF-KRY,432,432,0,432,0,1296
10020401,08-2023,1,Government,5,INF-KRY,432,432,0,432,0,1296
10001569,09-2022,2,Commercial,13,ROP,324,540,0,432,0,1296
10001569,09-2023,2,Commercial,13,ROP,756,540,0,0,0,1296
10030523,02-2023,1,Government,5,INF-KRY,432,864,0,0,0,1296
1683,01-2024,1,Government,2,PID(I),0,130,0,1115,0,1245
1665,05-2022,1,Government,2,PID(I),432,432,0,324,0,1188
4479,12-2022,1,Government,10000159,DIRECT CLIENT,1188,0,0,0,0,1188
10006198,12-2023,1,Government,10000159,DIRECT CLIENT,1171,0,0,0,0,1171
10008973,08-2022,1,Government,5,INF-KRY,400,384,0,324,0,1108
1665,08-2023,1,Government,2,PID(I),336,336,0,432,0,1104
4479,01-2023,1,Government,10000159,DIRECT CLIENT,1100,0,0,0,0,1100
618,05-2023,1,Government,5,INF-KRY,507,548,0,0,0,1055
10000429,09-2022,2,Commercial,13,ROP,0,0,0,1020,0,1020
496,06-2023,1,Government,5,INF-KRY,426,364,0,216,0,1006
10018535,03-2022,2,Commercial,13,ROP,0,0,0,996,0,996
10009933,10-2022,1,Government,5,INF-KRY,0,984,0,0,0,984
1683,08-2023,1,Government,2,PID(I),399,96,0,485,0,980
10006178,12-2022,1,Government,5,INF-KRY,396,340,0,240,0,976
10020401,07-2023,1,Government,5,INF-KRY,324,324,0,324,0,972
10000429,02-2022,2,Commercial,13,ROP,0,0,0,960,0,960
10000267,03-2023,1,Government,5,INF-KRY,714,240,0,0,0,954
10028707,12-2022,2,Commercial,10000165,Political Ad,0,504,0,432,0,936
1683,01-2023,1,Government,2,PID(I),250,270,0,405,0,925
496,09-2022,1,Government,5,INF-KRY,292,370,0,256,0,918
10018535,04-2022,2,Commercial,13,ROP,0,0,0,912,0,912
1683,09-2022,1,Government,2,PID(I),448,245,0,215,0,908
10008973,01-2023,1,Government,5,INF-KRY,448,448,0,0,0,896
1683,07-2023,1,Government,2,PID(I),380,250,0,245,0,875
10008973,05-2023,1,Government,5,INF-KRY,442,432,0,0,0,874
10001714,08-2023,1,Government,5,INF-KRY,0,0,0,864,0,864
10006694,03-2022,2,Commercial,10000165,Political Ad,432,432,0,0,0,864
1596,05-2022,1,Government,2,PID(I),432,432,0,0,0,864
634,07-2023,1,Government,5,INF-KRY,0,0,0,864,0,864
10006694,06-2023,2,Commercial,10000165,Political Ad,108,428,0,320,0,856
4423,02-2023,1,Government,5,INF-KRY,753,90,0,0,0,843
10030084,11-2023,1,Government,8,PID(H),224,356,0,252,0,832
1683,09-2023,1,Government,2,PID(I),152,225,0,446,0,823
10008973,06-2023,1,Government,5,INF-KRY,373,216,0,216,0,805
1683,03-2022,1,Government,2,PID(I),375,425,0,0,0,800
10000267,11-2023,1,Government,5,INF-KRY,288,510,0,0,0,798
1683,03-2023,1,Government,2,PID(I),248,285,0,260,0,793
4479,08-2022,1,Government,10000159,DIRECT CLIENT,786,0,0,0,0,786
10018535,08-2022,2,Commercial,13,ROP,0,0,0,780,0,780
1665,03-2022,1,Government,2,PID(I),0,108,0,648,0,756
1603,02-2023,1,Government,2,PID(I),216,324,0,216,0,756
1575,09-2022,1,Government,2,PID(I),324,324,0,108,0,756
1683,12-2023,1,Government,2,PID(I),0,90,0,664,0,754
10027201,07-2023,1,Government,5,INF-KRY,472,276,0,0,0,748
10025228,02-2023,1,Government,5,INF-KRY,736,0,0,0,0,736
10019433,07-2023,1,Government,5,INF-KRY,263,464,0,0,0,727
10021411,03-2023,2,Commercial,13,ROP,0,720,0,0,0,720
10000429,01-2022,2,Commercial,13,ROP,0,0,0,720,0,720
413,06-2023,1,Government,5,INF-KRY,216,282,0,216,0,714
10027201,02-2024,1,Government,5,INF-KRY,712,0,0,0,0,712
1665,11-2022,1,Government,2,PID(I),228,360,0,120,0,708
1683,01-2022,1,Government,2,PID(I),215,42,0,440,0,697
10000267,04-2022,1,Government,5,INF-KRY,693,0,0,0,0,693
1683,06-2022,1,Government,2,PID(I),350,204,0,135,0,689
595,04-2023,1,Government,5,INF-KRY,687,0,0,0,0,687
10006198,12-2022,1,Government,10000159,DIRECT CLIENT,684,0,0,0,0,684
10008973,03-2022,1,Government,5,INF-KRY,216,216,0,246,0,678
1713,12-2023,20000001,Government Commercial,10000160,DIRECT CLIENT,0,675,0,0,0,675
626,12-2022,1,Government,5,INF-KRY,672,0,0,0,0,672
522,10-2023,1,Government,10000159,DIRECT CLIENT,664,0,0,0,0,664
4479,08-2023,1,Government,10000159,DIRECT CLIENT,660,0,0,0,0,660
10000429,07-2022,2,Commercial,13,ROP,0,0,0,660,0,660
10000020,03-2023,1,Government,5,INF-KRY,216,216,0,216,0,648
10006694,12-2022,2,Commercial,10000165,Political Ad,216,216,0,216,0,648
10006694,04-2023,2,Commercial,10000165,Political Ad,216,216,0,216,0,648
10007532,05-2023,2,Commercial,13,ROP,324,324,0,0,0,648
10008973,03-2023,1,Government,5,INF-KRY,216,216,0,216,0,648
10008973,10-2022,1,Government,5,INF-KRY,216,216,0,216,0,648
1665,05-2023,1,Government,2,PID(I),216,216,0,216,0,648
1665,09-2022,1,Government,2,PID(I),216,324,0,108,0,648
1665,01-2023,1,Government,2,PID(I),216,216,0,216,0,648
1665,02-2022,1,Government,2,PID(I),0,216,0,432,0,648
1665,02-2023,1,Government,2,PID(I),216,216,0,216,0,648
618,03-2023,1,Government,5,INF-KRY,432,216,0,0,0,648
10029967,11-2022,1,Government,5,INF-KRY,216,216,0,216,0,648
10028885,12-2023,2,Commercial,13,ROP,216,216,0,216,0,648
10023158,11-2022,1,Government,5,INF-KRY,216,216,0,216,0,648
10023430,06-2023,1,Government,5,INF-KRY,216,216,0,216,0,648
621,08-2023,1,Government,5,INF-KRY,0,432,0,212,0,644
522,11-2023,1,Government,10000159,DIRECT CLIENT,644,0,0,0,0,644
1683,05-2022,1,Government,2,PID(I),290,350,0,0,0,640
4423,05-2023,1,Government,5,INF-KRY,578,0,0,60,0,638
5100,10-2022,1,Government,2,PID(I),0,632,0,0,0,632
10021949,01-2022,1,Government,5,INF-KRY,513,60,0,50,0,623
10006178,01-2023,1,Government,5,INF-KRY,400,216,0,0,0,616
1713,01-2023,20000001,Government Commercial,10000160,DIRECT CLIENT,0,615,0,0,0,615
10006198,11-2022,1,Government,10000159,DIRECT CLIENT,402,210,0,0,0,612
10019147,10-2022,2,Commercial,18,BUILDERS,612,0,0,0,0,612
1683,08-2022,1,Government,2,PID(I),0,190,0,420,0,610
10006198,05-2023,1,Government,10000159,DIRECT CLIENT,604,0,0,0,0,604
10019239,12-2022,1,Government,2,PID(I),120,360,0,120,0,600
1603,04-2023,1,Government,2,PID(I),324,216,0,60,0,600
460,05-2022,1,Government,5,INF-KRY,300,300,0,0,0,600
1683,04-2022,1,Government,2,PID(I),292,110,0,192,0,594
595,05-2023,1,Government,5,INF-KRY,590,0,0,0,0,590
522,06-2023,1,Government,10000159,DIRECT CLIENT,588,0,0,0,0,588
482,10-2022,1,Government,5,INF-KRY,56,528,0,0,0,584
10006198,10-2023,1,Government,10000159,DIRECT CLIENT,572,0,0,0,0,572
4423,01-2023,1,Government,5,INF-KRY,566,0,0,0,0,566
10006194,01-2022,1,Government,5,INF-KRY,540,20,0,0,0,560
10022257,09-2022,1,Government,5,INF-KRY,171,286,0,96,0,553
10028707,12-2023,2,Commercial,10000165,Political Ad,120,0,0,432,0,552
10027675,08-2023,1,Government,5,INF-KRY,552,0,0,0,0,552
10001714,07-2022,1,Government,5,INF-KRY,216,336,0,0,0,552
1689,05-2022,20000001,Government Commercial,10000132,PID(I),416,72,0,60,0,548
757,05-2022,20000001,Government Commercial,10000128,PID(K),220,220,0,108,0,548
626,11-2023,1,Government,5,INF-KRY,548,0,0,0,0,548
10006198,11-2023,1,Government,10000159,DIRECT CLIENT,546,0,0,0,0,546
1683,12-2022,1,Government,2,PID(I),0,301,0,240,0,541
4416,01-2022,1,Government,2,PID(I),0,540,0,0,0,540
10000429,03-2023,2,Commercial,13,ROP,0,0,0,540,0,540
4927,05-2022,1,Government,2,PID(I),108,216,0,216,0,540
698,11-2023,20000001,Government Commercial,10000128,PID(K),536,0,0,0,0,536
623,03-2023,2,Commercial,13,ROP,420,108,0,0,0,528
522,05-2023,1,Government,10000159,DIRECT CLIENT,526,0,0,0,0,526
10027201,08-2023,1,Government,5,INF-KRY,417,108,0,0,0,525
1613,09-2022,1,Government,2,PID(I),0,0,0,524,0,524
10008973,02-2022,1,Government,5,INF-KRY,270,108,0,144,0,522
10025228,11-2023,1,Government,5,INF-KRY,216,300,0,0,0,516
713,12-2023,20000001,Government Commercial,10000128,PID(K),368,120,0,26,0,514
10022257,08-2023,1,Government,5,INF-KRY,0,500,0,0,0,500
4423,03-2023,1,Government,5,INF-KRY,499,0,0,0,0,499
10008973,06-2022,1,Government,5,INF-KRY,462,0,0,36,0,498
10023962,08-2023,1,Government,5,INF-KRY,498,0,0,0,0,498
10008973,04-2023,1,Government,5,INF-KRY,60,216,0,216,0,492
1689,12-2023,20000001,Government Commercial,10000132,PID(I),326,163,0,0,0,489
10021641,09-2022,1,Government,5,INF-KRY,216,268,0,0,0,484
10021411,04-2022,2,Commercial,13,ROP,0,480,0,0,0,480
1683,07-2022,1,Government,2,PID(I),180,0,0,300,0,480
1665,03-2023,1,Government,2,PID(I),240,240,0,0,0,480
595,12-2022,1,Government,5,INF-KRY,476,0,0,0,0,476
10022257,07-2023,1,Government,5,INF-KRY,96,380,0,0,0,476
10006198,04-2023,1,Government,10000159,DIRECT CLIENT,474,0,0,0,0,474
496,02-2022,1,Government,5,INF-KRY,252,216,0,0,0,468
10021878,04-2022,1,Government,5,INF-KRY,464,0,0,0,0,464
4479,11-2022,1,Government,10000159,DIRECT CLIENT,450,0,0,0,0,450
4479,03-2023,1,Government,10000159,DIRECT CLIENT,450,0,0,0,0,450
10021949,08-2023,1,Government,5,INF-KRY,144,198,0,108,0,450
4387,03-2022,1,Government,5,INF-KRY,30,415,0,0,0,445
1713,09-2023,20000001,Government Commercial,10000160,DIRECT CLIENT,0,444,0,0,0,444
1613,05-2023,1,Government,2,PID(I),0,396,0,48,0,444
522,07-2023,1,Government,10000159,DIRECT CLIENT,442,0,0,0,0,442
510,02-2022,1,Government,5,INF-KRY,96,345,0,0,0,441
1689,07-2023,20000001,Government Commercial,10000132,PID(I),346,93,0,0,0,439
10007254,04-2023,20000001,Government Commercial,10000130,PID(H),0,438,0,0,0,438
10018546,09-2022,1,Government,5,INF-KRY,226,210,0,0,0,436
1683,06-2023,1,Government,2,PID(I),0,300,0,135,0,435
592,03-2023,1,Government,5,INF-KRY,435,0,0,0,0,435
618,02-2022,1,Government,5,INF-KRY,216,216,0,0,0,432
618,02-2024,1,Government,5,INF-KRY,216,216,0,0,0,432
618,10-2023,1,Government,5,INF-KRY,432,0,0,0,0,432
629,11-2022,1,Government,5,INF-KRY,0,432,0,0,0,432
507,07-2022,1,Government,5,INF-KRY,216,216,0,0,0,432
520,05-2023,1,Government,5,INF-KRY,216,216,0,0,0,432
345,04-2022,1,Government,5,INF-KRY,216,216,0,0,0,432
1665,04-2022,1,Government,2,PID(I),0,0,0,432,0,432
1665,04-2023,1,Government,2,PID(I),216,216,0,0,0,432
1671,11-2022,1,Government,2,PID(I),0,0,0,432,0,432
1573,03-2022,20000001,Government Commercial,10000132,PID(I),216,0,0,216,0,432
755,05-2022,20000001,Government Commercial,10000128,PID(K),216,216,0,0,0,432
754,01-2022,1,Government,3,PID(K),216,216,0,0,0,432
10019133,06-2023,1,Government,5,INF-KRY,216,216,0,0,0,432
10021641,11-2022,1,Government,5,INF-KRY,216,0,0,216,0,432
10021642,03-2023,1,Government,5,INF-KRY,216,216,0,0,0,432
10008973,12-2023,1,Government,5,INF-KRY,216,216,0,0,0,432
10009367,01-2023,2,Commercial,13,ROP,0,216,0,216,0,432
10010326,09-2022,1,Government,5,INF-KRY,216,216,0,0,0,432
10006860,06-2023,1,Government,5,INF-KRY,108,216,0,108,0,432
10006953,03-2023,1,Government,5,INF-KRY,216,216,0,0,0,432
10006694,06-2022,2,Commercial,10000165,Political Ad,216,216,0,0,0,432
4927,10-2022,1,Government,2,PID(I),216,216,0,0,0,432
4918,12-2023,2,Commercial,13,ROP,216,216,0,0,0,432
4927,01-2022,1,Government,2,PID(I),108,324,0,0,0,432
4918,08-2023,2,Commercial,13,ROP,216,216,0,0,0,432
10023158,05-2023,1,Government,5,INF-KRY,216,216,0,0,0,432
10023718,08-2022,1,Government,5,INF-KRY,216,216,0,0,0,432
10023718,10-2022,1,Government,5,INF-KRY,0,216,0,216,0,432
10023718,12-2023,1,Government,5,INF-KRY,216,216,0,0,0,432
10028274,12-2022,1,Government,5,INF-KRY,216,216,0,0,0,432
10030486,07-2023,1,Government,5,INF-KRY,0,0,0,432,0,432
4423,04-2023,1,Government,5,INF-KRY,428,0,0,0,0,428
522,11-2022,1,Government,10000159,DIRECT CLIENT,428,0,0,0,0,428
1713,12-2022,20000001,Government Commercial,10000160,DIRECT CLIENT,0,426,0,0,0,426
10018546,11-2023,1,Government,5,INF-KRY,424,0,0,0,0,424
10005457,03-2023,1,Government,4,PID(L),168,255,0,0,0,423
713,01-2023,20000001,Government Commercial,10000128,PID(K),384,38,0,0,0,422
1683,10-2022,1,Government,2,PID(I),192,228,0,0,0,420
496,07-2023,1,Government,5,INF-KRY,120,120,0,180,0,420
10000429,01-2023,2,Commercial,13,ROP,0,0,0,420,0,420
10000429,08-2022,2,Commercial,13,ROP,0,0,0,420,0,420
10000429,06-2023,2,Commercial,13,ROP,0,0,0,420,0,420
10027201,05-2023,1,Government,5,INF-KRY,420,0,0,0,0,420
10021949,02-2023,1,Government,5,INF-KRY,298,120,0,0,0,418
10021569,04-2023,1,Government,5,INF-KRY,274,140,0,0,0,414
1713,08-2023,20000001,Government Commercial,10000160,DIRECT CLIENT,0,354,0,60,0,414
1559,04-2022,1,Government,2,PID(I),414,0,0,0,0,414
1559,09-2023,1,Government,2,PID(I),412,0,0,0,0,412
4991,04-2023,2,Commercial,13,ROP,0,100,0,310,0,410
754,12-2022,1,Government,3,PID(K),188,220,0,0,0,408
754,12-2023,1,Government,3,PID(K),216,108,0,84,0,408
10007254,01-2024,20000001,Government Commercial,10000130,PID(H),0,296,0,108,0,404
10023718,03-2022,1,Government,5,INF-KRY,404,0,0,0,0,404
10008973,07-2023,1,Government,5,INF-KRY,108,183,0,108,0,399
4423,07-2023,1,Government,5,INF-KRY,399,0,0,0,0,399
544,11-2023,1,Government,5,INF-KRY,78,320,0,0,0,398
623,01-2024,2,Commercial,13,ROP,396,0,0,0,0,396
755,06-2022,20000001,Government Commercial,10000128,PID(K),180,216,0,0,0,396
10006785,01-2024,1,Government,5,INF-KRY,296,100,0,0,0,396
1713,10-2023,20000001,Government Commercial,10000160,DIRECT CLIENT,0,393,0,0,0,393
10006880,07-2023,1,Government,5,INF-KRY,247,140,0,0,0,387
1713,01-2022,20000001,Government Commercial,10000160,DIRECT CLIENT,0,386,0,0,0,386
4565,12-2023,2,Commercial,13,ROP,384,0,0,0,0,384
10000967,03-2023,1,Government,5,INF-KRY,384,0,0,0,0,384
10014491,05-2022,1,Government,3,PID(K),160,220,0,0,0,380
10001569,10-2023,2,Commercial,13,ROP,128,250,0,0,0,378
1713,02-2022,20000001,Government Commercial,10000160,DIRECT CLIENT,0,378,0,0,0,378
1689,04-2023,20000001,Government Commercial,10000132,PID(I),378,0,0,0,0,378
10008631,01-2022,1,Government,5,INF-KRY,213,162,0,0,0,375
1731,10-2023,1,Government,2,PID(I),372,0,0,0,0,372
510,11-2022,1,Government,5,INF-KRY,372,0,0,0,0,372
4423,06-2023,1,Government,5,INF-KRY,370,0,0,0,0,370
10024000,01-2022,1,Government,5,INF-KRY,216,126,0,28,0,370
507,05-2023,1,Government,5,INF-KRY,108,261,0,0,0,369
10019147,07-2023,2,Commercial,18,BUILDERS,368,0,0,0,0,368
10000967,04-2022,1,Government,5,INF-KRY,368,0,0,0,0,368
10000967,05-2022,1,Government,5,INF-KRY,120,128,0,120,0,368
10007254,02-2022,20000001,Government Commercial,10000130,PID(H),108,260,0,0,0,368
510,01-2022,1,Government,5,INF-KRY,366,0,0,0,0,366
10023252,01-2022,1,Government,5,INF-KRY,0,364,0,0,0,364
10009626,07-2023,1,Government,5,INF-KRY,105,256,0,0,0,361
10000429,08-2023,2,Commercial,13,ROP,0,0,0,360,0,360
10001150,01-2023,1,Government,2,PID(I),180,180,0,0,0,360
4572,11-2023,2,Commercial,13,ROP,120,120,0,120,0,360
480,01-2024,1,Government,5,INF-KRY,120,120,0,120,0,360
535,07-2023,1,Government,5,INF-KRY,48,312,0,0,0,360
522,12-2022,1,Government,10000159,DIRECT CLIENT,358,0,0,0,0,358
522,02-2022,1,Government,10000159,DIRECT CLIENT,356,0,0,0,0,356
522,08-2023,1,Government,10000159,DIRECT CLIENT,354,0,0,0,0,354
575,01-2024,1,Government,10000159,DIRECT CLIENT,354,0,0,0,0,354
595,03-2022,1,Government,5,INF-KRY,350,0,0,0,0,350
575,01-2022,1,Government,5,INF-KRY,349,0,0,0,0,349
1713,11-2023,20000001,Government Commercial,10000160,DIRECT CLIENT,0,348,0,0,0,348
10000429,01-2024,2,Commercial,13,ROP,0,60,0,288,0,348
10006198,10-2022,1,Government,10000159,DIRECT CLIENT,346,0,0,0,0,346
10010168,07-2023,1,Government,5,INF-KRY,160,184,0,0,0,344
520,06-2022,1,Government,5,INF-KRY,168,174,0,0,0,342
10000387,09-2022,1,Government,3,PID(K),90,0,0,250,0,340
10018546,11-2022,1,Government,5,INF-KRY,271,68,0,0,0,339
595,07-2023,1,Government,5,INF-KRY,336,0,0,0,0,336
1731,12-2022,1,Government,2,PID(I),120,0,0,216,0,336
1559,02-2022,1,Government,2,PID(I),336,0,0,0,0,336
1609,08-2022,1,Government,2,PID(I),216,120,0,0,0,336
4305,07-2023,1,Government,3,PID(K),292,40,0,0,0,332
10027201,09-2022,1,Government,5,INF-KRY,332,0,0,0,0,332
1713,05-2023,20000001,Government Commercial,10000160,DIRECT CLIENT,0,329,0,0,0,329
10011087,01-2022,1,Government,5,INF-KRY,0,328,0,0,0,328
10000967,07-2023,1,Government,5,INF-KRY,328,0,0,0,0,328
10027205,07-2022,1,Government,5,INF-KRY,150,176,0,0,0,326
10028452,01-2022,2,Commercial,13,ROP,108,216,0,0,0,324
10030486,09-2022,1,Government,5,INF-KRY,108,108,0,108,0,324
10028885,03-2023,2,Commercial,13,ROP,108,108,0,108,0,324
10028885,08-2023,2,Commercial,13,ROP,108,108,0,108,0,324
10029240,02-2022,1,Government,10000159,DIRECT CLIENT,324,0,0,0,0,324
10023158,03-2023,1,Government,5,INF-KRY,108,108,0,108,0,324
10023718,08-2023,1,Government,5,INF-KRY,108,108,0,108,0,324
10023765,12-2023,2,Commercial,18,BUILDERS,324,0,0,0,0,324
5062,01-2023,2,Commercial,13,ROP,108,216,0,0,0,324
5062,03-2023,2,Commercial,13,ROP,216,108,0,0,0,324
4927,08-2022,1,Government,2,PID(I),0,324,0,0,0,324
10006194,03-2023,1,Government,5,INF-KRY,324,0,0,0,0,324
10009455,10-2022,2,Commercial,13,ROP,108,108,0,108,0,324
10009918,11-2022,1,Government,5,INF-KRY,324,0,0,0,0,324
10021559,11-2022,1,Government,5,INF-KRY,108,0,0,216,0,324
10021641,07-2023,1,Government,5,INF-KRY,108,108,0,108,0,324
10016461,04-2023,1,Government,5,INF-KRY,324,0,0,0,0,324
10017290,03-2022,2,Commercial,18,BUILDERS,324,0,0,0,0,324
1755,04-2023,1,Government,2,PID(I),216,0,0,108,0,324
1559,02-2023,1,Government,2,PID(I),324,0,0,0,0,324
757,01-2022,20000001,Government Commercial,10000128,PID(K),108,108,0,108,0,324
10014073,10-2023,1,Government,5,INF-KRY,162,160,0,0,0,322
10001605,09-2022,1,Government,5,INF-KRY,320,0,0,0,0,320
757,06-2022,20000001,Government Commercial,10000128,PID(K),320,0,0,0,0,320
698,01-2024,20000001,Government Commercial,10000128,PID(K),320,0,0,0,0,320
618,04-2023,1,Government,5,INF-KRY,317,0,0,0,0,317
894,09-2023,20000001,Government Commercial,10000129,PID(L),272,44,0,0,0,316
10006953,03-2022,1,Government,5,INF-KRY,316,0,0,0,0,316
522,09-2023,1,Government,10000159,DIRECT CLIENT,314,0,0,0,0,314
757,07-2022,20000001,Government Commercial,10000128,PID(K),0,312,0,0,0,312
746,02-2023,20000001,Government Commercial,10000128,PID(K),150,162,0,0,0,312
715,10-2023,1,Government,10000159,DIRECT CLIENT,310,0,0,0,0,310
1689,04-2022,20000001,Government Commercial,10000132,PID(I),213,96,0,0,0,309
10016097,03-2023,1,Government,5,INF-KRY,162,146,0,0,0,308
10006198,08-2023,1,Government,10000159,DIRECT CLIENT,304,0,0,0,0,304
698,02-2024,20000001,Government Commercial,10000128,PID(K),304,0,0,0,0,304
522,01-2023,1,Government,10000159,DIRECT CLIENT,304,0,0,0,0,304
10028486,11-2022,1,Government,5,INF-KRY,0,304,0,0,0,304
10027205,06-2022,1,Government,5,INF-KRY,54,246,0,0,0,300
10021878,05-2022,1,Government,5,INF-KRY,300,0,0,0,0,300
1042798159,01-2023,2,Commercial,14,EDUCATION,0,0,0,300,0,300
1042798159,12-2022,2,Commercial,14,EDUCATION,0,0,0,300,0,300
487,01-2022,1,Government,5,INF-KRY,300,0,0,0,0,300
4479,07-2022,1,Government,10000159,DIRECT CLIENT,300,0,0,0,0,300
10000429,02-2024,2,Commercial,13,ROP,0,0,0,300,0,300
10015000,09-2022,20000001,Government Commercial,10000160,DIRECT CLIENT,108,108,0,80,0,296
1755,06-2023,1,Government,2,PID(I),0,80,0,216,0,296
4423,05-2022,1,Government,5,INF-KRY,210,84,0,0,0,294
10005186,05-2022,1,Government,5,INF-KRY,91,95,0,106,0,292
746,01-2022,20000001,Government Commercial,10000128,PID(K),290,0,0,0,0,290
1596,01-2022,1,Government,2,PID(I),288,0,0,0,0,288
597,04-2023,1,Government,5,INF-KRY,192,96,0,0,0,288
10011087,04-2023,1,Government,5,INF-KRY,120,168,0,0,0,288
10009367,02-2023,2,Commercial,13,ROP,135,153,0,0,0,288
10022926,02-2022,1,Government,5,INF-KRY,288,0,0,0,0,288
10028707,01-2024,2,Commercial,10000165,Political Ad,117,171,0,0,0,288
10006194,05-2022,1,Government,5,INF-KRY,286,0,0,0,0,286
595,02-2023,1,Government,5,INF-KRY,126,160,0,0,0,286
10030817,04-2023,2,Commercial,14,EDUCATION,285,0,0,0,0,285
10024000,05-2023,1,Government,5,INF-KRY,140,144,0,0,0,284
575,12-2022,1,Government,10000159,DIRECT CLIENT,282,0,0,0,0,282
741,12-2022,20000001,Government Commercial,10000128,PID(K),282,0,0,0,0,282
713,07-2023,20000001,Government Commercial,10000128,PID(K),0,216,0,66,0,282
10006178,07-2023,1,Government,5,INF-KRY,0,66,0,216,0,282
10001569,02-2023,2,Commercial,13,ROP,20,261,0,0,0,281
716,08-2023,1,Government,5,INF-KRY,36,244,0,0,0,280
1613,08-2022,1,Government,2,PID(I),0,280,0,0,0,280
754,07-2023,1,Government,3,PID(K),184,96,0,0,0,280
741,06-2022,20000001,Government Commercial,10000128,PID(K),54,225,0,0,0,279
754,02-2024,1,Government,3,PID(K),276,0,0,0,0,276
1559,09-2022,1,Government,2,PID(I),276,0,0,0,0,276
4423,11-2022,1,Government,5,INF-KRY,168,0,0,108,0,276
522,03-2023,1,Government,10000159,DIRECT CLIENT,276,0,0,0,0,276
10006694,12-2023,2,Commercial,10000165,Political Ad,60,216,0,0,0,276
10029257,09-2022,1,Government,2,PID(I),216,0,0,60,0,276
10006065,10-2022,1,Government,5,INF-KRY,138,135,0,0,0,273
10006198,07-2023,1,Government,10000159,DIRECT CLIENT,270,0,0,0,0,270
10006065,04-2022,1,Government,5,INF-KRY,270,0,0,0,0,270
10006880,01-2022,1,Government,5,INF-KRY,0,270,0,0,0,270
10009056,07-2023,20000001,Government Commercial,10000129,PID(L),0,270,0,0,0,270
10021752,07-2023,1,Government,5,INF-KRY,0,270,0,0,0,270
10022585,04-2023,1,Government,5,INF-KRY,0,268,0,0,0,268
4423,01-2024,1,Government,5,INF-KRY,266,0,0,0,0,266
1683,05-2023,1,Government,2,PID(I),120,145,0,0,0,265
626,02-2024,1,Government,5,INF-KRY,265,0,0,0,0,265
754,05-2022,1,Government,3,PID(K),48,216,0,0,0,264
10004502,04-2023,1,Government,5,INF-KRY,120,144,0,0,0,264
10023430,08-2022,1,Government,5,INF-KRY,24,180,0,60,0,264
10004246,05-2023,1,Government,5,INF-KRY,135,128,0,0,0,263
10021949,12-2022,1,Government,5,INF-KRY,198,64,0,0,0,262
5293,06-2022,1,Government,5,INF-KRY,87,174,0,0,0,261
1713,03-2023,20000001,Government Commercial,10000160,DIRECT CLIENT,0,261,0,0,0,261
1689,02-2022,20000001,Government Commercial,10000132,PID(I),180,80,0,0,0,260
626,12-2023,1,Government,5,INF-KRY,258,0,0,0,0,258
575,11-2022,1,Government,10000159,DIRECT CLIENT,256,0,0,0,0,256
10006198,09-2023,1,Government,10000159,DIRECT CLIENT,256,0,0,0,0,256
10007254,03-2023,20000001,Government Commercial,10000130,PID(H),0,256,0,0,0,256
10006178,04-2023,1,Government,5,INF-KRY,147,108,0,0,0,255
10006198,02-2023,1,Government,10000159,DIRECT CLIENT,253,0,0,0,0,253
5372,02-2022,1,Government,5,INF-KRY,144,108,0,0,0,252
10019433,05-2022,1,Government,5,INF-KRY,252,0,0,0,0,252
522,02-2023,1,Government,10000159,DIRECT CLIENT,252,0,0,0,0,252
1689,05-2023,20000001,Government Commercial,10000132,PID(I),252,0,0,0,0,252
1689,06-2022,20000001,Government Commercial,10000132,PID(I),250,0,0,0,0,250
511,09-2022,1,Government,8,PID(H),108,142,0,0,0,250
575,05-2023,1,Government,10000159,DIRECT CLIENT,250,0,0,0,0,250
10000360,05-2022,1,Government,5,INF-KRY,250,0,0,0,0,250
4423,10-2022,1,Government,5,INF-KRY,249,0,0,0,0,249
754,09-2022,1,Government,3,PID(K),140,108,0,0,0,248
634,10-2022,1,Government,5,INF-KRY,66,62,0,120,0,248
487,07-2023,1,Government,5,INF-KRY,120,128,0,0,0,248
4532,02-2023,1,Government,5,INF-KRY,120,128,0,0,0,248
10006785,09-2023,1,Government,5,INF-KRY,108,108,0,32,0,248
10007254,08-2022,20000001,Government Commercial,10000130,PID(H),120,128,0,0,0,248
10020668,07-2023,1,Government,5,INF-KRY,0,248,0,0,0,248
10009784,07-2023,1,Government,5,INF-KRY,120,128,0,0,0,248
10016263,01-2022,1,Government,5,INF-KRY,120,126,0,0,0,246
4416,01-2023,1,Government,2,PID(I),30,0,0,216,0,246
10027201,06-2022,1,Government,5,INF-KRY,246,0,0,0,0,246
10023430,04-2022,1,Government,5,INF-KRY,0,0,0,244,0,244
10005251,03-2022,20000001,Government Commercial,10000129,PID(L),244,0,0,0,0,244
10010326,11-2022,1,Government,5,INF-KRY,170,72,0,0,0,242
10012604,04-2023,1,Government,2,PID(I),0,0,0,240,0,240
10012604,12-2023,1,Government,2,PID(I),240,0,0,0,0,240
10009784,05-2023,1,Government,5,INF-KRY,240,0,0,0,0,240
10009902,05-2023,1,Government,5,INF-KRY,240,0,0,0,0,240
10014491,09-2022,1,Government,3,PID(K),120,120,0,0,0,240
10014491,10-2022,1,Government,3,PID(K),120,120,0,0,0,240
10019239,09-2022,1,Government,2,PID(I),0,120,0,120,0,240
10019239,11-2022,1,Government,2,PID(I),0,240,0,0,0,240
10021411,04-2023,2,Commercial,13,ROP,0,240,0,0,0,240
10005457,09-2023,1,Government,4,PID(L),120,120,0,0,0,240
10005457,06-2023,1,Government,4,PID(L),120,120,0,0,0,240
10003972,01-2023,1,Government,5,INF-KRY,0,240,0,0,0,240
10006198,04-2022,1,Government,10000159,DIRECT CLIENT,240,0,0,0,0,240
10007254,03-2022,20000001,Government Commercial,10000130,PID(H),88,48,0,104,0,240
10008471,06-2023,1,Government,5,INF-KRY,120,120,0,0,0,240
4605,11-2023,2,Commercial,13,ROP,240,0,0,0,0,240
10001150,07-2022,1,Government,2,PID(I),240,0,0,0,0,240
10000429,05-2023,2,Commercial,13,ROP,0,0,0,240,0,240
10000429,09-2023,2,Commercial,13,ROP,0,0,0,240,0,240
10000429,10-2022,2,Commercial,13,ROP,0,0,0,240,0,240
10000429,12-2022,2,Commercial,13,ROP,0,0,0,240,0,240
10000429,12-2023,2,Commercial,13,ROP,0,0,0,240,0,240
1761,01-2022,1,Government,2,PID(I),240,0,0,0,0,240
1713,06-2022,20000001,Government Commercial,10000160,DIRECT CLIENT,0,240,0,0,0,240
1731,09-2022,1,Government,2,PID(I),144,0,0,96,0,240
1665,12-2022,1,Government,2,PID(I),0,120,0,120,0,240
763,06-2023,1,Government,5,INF-KRY,120,120,0,0,0,240
713,02-2022,20000001,Government Commercial,10000128,PID(K),0,0,0,240,0,240
713,11-2022,20000001,Government Commercial,10000128,PID(K),0,120,0,120,0,240
626,04-2022,1,Government,5,INF-KRY,240,0,0,0,0,240
10023312,01-2022,2,Commercial,14,EDUCATION,0,0,0,240,0,240
10024514,12-2023,2,Commercial,13,ROP,0,240,0,0,0,240
10027675,02-2024,1,Government,5,INF-KRY,0,240,0,0,0,240
1042798159,05-2022,2,Commercial,14,EDUCATION,0,0,0,240,0,240
1042798159,07-2022,2,Commercial,14,EDUCATION,0,0,0,240,0,240
10027205,10-2023,1,Government,5,INF-KRY,0,138,0,100,0,238
1713,04-2023,20000001,Government Commercial,10000160,DIRECT CLIENT,0,237,0,0,0,237
1713,11-2022,20000001,Government Commercial,10000160,DIRECT CLIENT,0,234,0,0,0,234
1713,06-2023,20000001,Government Commercial,10000160,DIRECT CLIENT,0,234,0,0,0,234
10002600,04-2023,1,Government,5,INF-KRY,234,0,0,0,0,234
10028098,08-2023,1,Government,5,INF-KRY,234,0,0,0,0,234
10030523,01-2022,1,Government,5,INF-KRY,180,54,0,0,0,234
10030637,05-2023,1,Government,10000159,DIRECT CLIENT,230,0,0,0,0,230
10005260,06-2022,1,Government,3,PID(K),230,0,0,0,0,230
10009117,04-2023,1,Government,5,INF-KRY,230,0,0,0,0,230
496,12-2023,1,Government,5,INF-KRY,76,120,0,34,0,230
618,06-2023,1,Government,5,INF-KRY,108,0,0,120,0,228
755,08-2023,20000001,Government Commercial,10000128,PID(K),120,108,0,0,0,228
10003863,05-2022,1,Government,5,INF-KRY,114,114,0,0,0,228
10000020,09-2022,1,Government,5,INF-KRY,228,0,0,0,0,228
1042798159,12-2023,2,Commercial,14,EDUCATION,0,0,0,228,0,228
10001605,06-2023,1,Government,5,INF-KRY,119,108,0,0,0,227
10006178,03-2022,1,Government,5,INF-KRY,180,46,0,0,0,226
10008973,09-2022,1,Government,5,INF-KRY,130,72,0,24,0,226
10021844,08-2023,1,Government,5,INF-KRY,0,226,0,0,0,226
10003093,11-2023,1,Government,5,INF-KRY,0,225,0,0,0,225
4479,02-2023,1,Government,10000159,DIRECT CLIENT,225,0,0,0,0,225
1689,09-2022,20000001,Government Commercial,10000132,PID(I),140,84,0,0,0,224
10011105,08-2023,1,Government,5,INF-KRY,104,120,0,0,0,224
10016097,04-2023,1,Government,5,INF-KRY,111,112,0,0,0,223
5294,04-2023,1,Government,5,INF-KRY,223,0,0,0,0,223
4338,01-2022,20000001,Government Commercial,10000128,PID(K),193,30,0,0,0,223
10001714,10-2022,1,Government,5,INF-KRY,0,110,0,112,0,222
10010998,07-2023,1,Government,5,INF-KRY,102,120,0,0,0,222
10009056,10-2023,20000001,Government Commercial,10000129,PID(L),220,0,0,0,0,220
676,06-2023,1,Government,10000159,DIRECT CLIENT,220,0,0,0,0,220
739,06-2023,1,Government,3,PID(K),60,129,0,30,0,219
676,03-2023,1,Government,10000159,DIRECT CLIENT,218,0,0,0,0,218
626,03-2023,1,Government,5,INF-KRY,217,0,0,0,0,217
629,03-2023,1,Government,5,INF-KRY,0,216,0,0,0,216
626,09-2023,1,Government,5,INF-KRY,216,0,0,0,0,216
626,11-2022,1,Government,5,INF-KRY,216,0,0,0,0,216
632,01-2024,1,Government,5,INF-KRY,0,216,0,0,0,216
632,07-2022,1,Government,5,INF-KRY,0,216,0,0,0,216
693,05-2022,20000001,Government Commercial,10000128,PID(K),108,108,0,0,0,216
698,07-2023,20000001,Government Commercial,10000128,PID(K),216,0,0,0,0,216
698,11-2022,20000001,Government Commercial,10000128,PID(K),216,0,0,0,0,216
618,08-2023,1,Government,5,INF-KRY,108,108,0,0,0,216
618,06-2022,1,Government,5,INF-KRY,216,0,0,0,0,216
623,12-2022,2,Commercial,13,ROP,216,0,0,0,0,216
595,08-2023,1,Government,5,INF-KRY,216,0,0,0,0,216
618,03-2022,1,Government,5,INF-KRY,216,0,0,0,0,216
354,12-2022,1,Government,8,PID(H),48,60,0,108,0,216
413,04-2022,1,Government,5,INF-KRY,216,0,0,0,0,216
407,11-2022,1,Government,5,INF-KRY,108,0,0,108,0,216
741,03-2023,20000001,Government Commercial,10000128,PID(K),216,0,0,0,0,216
713,03-2022,20000001,Government Commercial,10000128,PID(K),216,0,0,0,0,216
713,08-2022,20000001,Government Commercial,10000128,PID(K),216,0,0,0,0,216
757,02-2022,20000001,Government Commercial,10000128,PID(K),108,108,0,0,0,216
755,08-2022,20000001,Government Commercial,10000128,PID(K),0,216,0,0,0,216
755,12-2023,20000001,Government Commercial,10000128,PID(K),108,0,0,108,0,216
1559,07-2023,1,Government,2,PID(I),216,0,0,0,0,216
1559,08-2023,1,Government,2,PID(I),216,0,0,0,0,216
1559,10-2022,1,Government,2,PID(I),216,0,0,0,0,216
1573,05-2023,20000001,Government Commercial,10000132,PID(I),0,0,0,216,0,216
1575,07-2022,1,Government,2,PID(I),0,216,0,0,0,216
1632,07-2023,1,Government,2,PID(I),0,216,0,0,0,216
1632,12-2023,1,Government,2,PID(I),0,216,0,0,0,216
1744,10-2022,1,Government,2,PID(I),0,0,0,216,0,216
4305,02-2022,1,Government,10000159,DIRECT CLIENT,216,0,0,0,0,216
4479,01-2022,1,Government,5,INF-KRY,108,108,0,0,0,216
1713,05-2022,20000001,Government Commercial,10000160,DIRECT CLIENT,0,216,0,0,0,216
1732,01-2022,1,Government,2,PID(I),0,0,0,216,0,216
1724,02-2023,1,Government,10000159,DIRECT CLIENT,0,216,0,0,0,216
1724,05-2023,1,Government,2,PID(I),0,216,0,0,0,216
1724,05-2023,1,Government,10000159,DIRECT CLIENT,0,216,0,0,0,216
1670,05-2022,1,Government,2,PID(I),0,216,0,0,0,216
10009056,10-2022,20000001,Government Commercial,10000129,PID(L),0,216,0,0,0,216
10013518,03-2022,1,Government,2,PID(I),0,0,0,216,0,216
10016263,02-2023,1,Government,5,INF-KRY,216,0,0,0,0,216
10016576,09-2022,2,Commercial,14,EDUCATION,216,0,0,0,0,216
10015000,06-2023,20000001,Government Commercial,10000160,DIRECT CLIENT,108,108,0,0,0,216
10015000,09-2023,20000001,Government Commercial,10000160,DIRECT CLIENT,108,108,0,0,0,216
10015000,12-2022,20000001,Government Commercial,10000160,DIRECT CLIENT,108,108,0,0,0,216
10015000,12-2023,20000001,Government Commercial,10000160,DIRECT CLIENT,108,108,0,0,0,216
10021641,06-2023,1,Government,5,INF-KRY,0,108,0,108,0,216
10021642,09-2023,1,Government,5,INF-KRY,108,108,0,0,0,216
10021645,05-2022,1,Government,5,INF-KRY,216,0,0,0,0,216
10021641,01-2023,1,Government,5,INF-KRY,0,216,0,0,0,216
10020817,02-2024,2,Commercial,10000165,Political Ad,108,108,0,0,0,216
10021269,01-2022,1,Government,5,INF-KRY,216,0,0,0,0,216
10019147,08-2022,2,Commercial,18,BUILDERS,216,0,0,0,0,216
10019133,12-2023,1,Government,5,INF-KRY,0,216,0,0,0,216
10001569,05-2023,2,Commercial,13,ROP,108,108,0,0,0,216
10001038,12-2022,2,Commercial,13,ROP,108,108,0,0,0,216
5220,08-2023,1,Government,2,PID(I),216,0,0,0,0,216
5220,09-2023,1,Government,2,PID(I),216,0,0,0,0,216
5062,11-2022,2,Commercial,13,ROP,108,108,0,0,0,216
5062,11-2023,2,Commercial,13,ROP,0,216,0,0,0,216
5062,02-2024,2,Commercial,13,ROP,0,216,0,0,0,216
4792,01-2022,2,Commercial,13,ROP,0,216,0,0,0,216
4918,03-2023,2,Commercial,13,ROP,108,108,0,0,0,216
5062,05-2022,2,Commercial,13,ROP,0,216,0,0,0,216
5062,05-2023,2,Commercial,13,ROP,0,216,0,0,0,216
10006194,12-2022,1,Government,5,INF-KRY,216,0,0,0,0,216
10006677,10-2023,1,Government,5,INF-KRY,0,216,0,0,0,216
10005260,02-2022,1,Government,3,PID(K),216,0,0,0,0,216
10008471,10-2023,1,Government,5,INF-KRY,216,0,0,0,0,216
10007532,06-2023,2,Commercial,13,ROP,108,108,0,0,0,216
10007254,06-2023,20000001,Government Commercial,10000130,PID(H),0,216,0,0,0,216
10006860,08-2023,1,Government,5,INF-KRY,108,0,0,108,0,216
10007092,01-2022,1,Government,5,INF-KRY,216,0,0,0,0,216
10030637,09-2023,1,Government,10000159,DIRECT CLIENT,216,0,0,0,0,216
10030610,07-2023,1,Government,10000159,DIRECT CLIENT,0,216,0,0,0,216
10030610,08-2022,1,Government,8,PID(H),0,0,0,216,0,216
10030610,01-2023,1,Government,10000159,DIRECT CLIENT,216,0,0,0,0,216
10028885,12-2022,2,Commercial,13,ROP,0,108,0,108,0,216
10029968,01-2022,2,Commercial,13,ROP,108,108,0,0,0,216
10029968,02-2022,2,Commercial,13,ROP,108,108,0,0,0,216
10029695,01-2022,1,Government,5,INF-KRY,216,0,0,0,0,216
10027741,01-2022,1,Government,2,PID(I),0,0,0,216,0,216
10027552,11-2023,1,Government,5,INF-KRY,216,0,0,0,0,216
10028707,08-2023,2,Commercial,10000165,Political Ad,0,216,0,0,0,216
10028475,03-2023,1,Government,5,INF-KRY,96,120,0,0,0,216
10027205,12-2022,1,Government,5,INF-KRY,216,0,0,0,0,216
10027237,11-2023,1,Government,10000159,DIRECT CLIENT,216,0,0,0,0,216
10027201,05-2022,1,Government,5,INF-KRY,216,0,0,0,0,216
10024296,10-2022,1,Government,2,PID(I),0,216,0,0,0,216
10023718,01-2023,1,Government,5,INF-KRY,216,0,0,0,0,216
10023765,02-2022,2,Commercial,18,BUILDERS,216,0,0,0,0,216
10023765,03-2022,2,Commercial,18,BUILDERS,216,0,0,0,0,216
10023644,03-2023,1,Government,10000159,DIRECT CLIENT,216,0,0,0,0,216
10022680,01-2022,1,Government,2,PID(I),216,0,0,0,0,216
10022036,01-2024,1,Government,5,INF-KRY,0,144,0,72,0,216
10021878,05-2023,1,Government,5,INF-KRY,216,0,0,0,0,216
10024828,02-2022,1,Government,5,INF-KRY,215,0,0,0,0,215
10009902,03-2023,1,Government,5,INF-KRY,215,0,0,0,0,215
10021949,10-2023,1,Government,5,INF-KRY,94,60,0,60,0,214
522,04-2023,1,Government,10000159,DIRECT CLIENT,212,0,0,0,0,212
595,09-2022,1,Government,5,INF-KRY,110,100,0,0,0,210
4300,01-2022,1,Government,5,INF-KRY,210,0,0,0,0,210
10016461,05-2023,1,Government,5,INF-KRY,180,30,0,0,0,210
10000967,03-2022,1,Government,5,INF-KRY,0,210,0,0,0,210
10021949,03-2023,1,Government,5,INF-KRY,210,0,0,0,0,210
10022342,07-2023,1,Government,5,INF-KRY,105,105,0,0,0,210
10028274,05-2023,1,Government,5,INF-KRY,210,0,0,0,0,210
10030637,09-2022,1,Government,10000159,DIRECT CLIENT,208,0,0,0,0,208
10030637,12-2022,1,Government,10000159,DIRECT CLIENT,208,0,0,0,0,208
10003972,05-2022,1,Government,5,INF-KRY,96,0,0,112,0,208
1731,09-2023,1,Government,2,PID(I),208,0,0,0,0,208
1559,10-2023,1,Government,2,PID(I),208,0,0,0,0,208
675,06-2023,1,Government,3,PID(K),92,116,0,0,0,208
10011166,07-2023,1,Government,5,INF-KRY,105,102,0,0,0,207
10005260,12-2022,1,Government,3,PID(K),206,0,0,0,0,206
626,05-2023,1,Government,5,INF-KRY,206,0,0,0,0,206
482,11-2022,1,Government,5,INF-KRY,126,80,0,0,0,206
10006730,03-2023,1,Government,5,INF-KRY,141,64,0,0,0,205
10016097,07-2023,1,Government,5,INF-KRY,0,204,0,0,0,204
10018546,08-2022,1,Government,5,INF-KRY,0,174,0,30,0,204
741,08-2023,20000001,Government Commercial,10000128,PID(K),204,0,0,0,0,204
496,01-2023,1,Government,5,INF-KRY,40,162,0,0,0,202
10015616,08-2023,1,Government,5,INF-KRY,81,120,0,0,0,201
10006726,08-2023,1,Government,5,INF-KRY,96,105,0,0,0,201
10007948,02-2023,1,Government,5,INF-KRY,201,0,0,0,0,201
10004502,07-2023,1,Government,5,INF-KRY,100,100,0,0,0,200
10006194,03-2022,1,Government,5,INF-KRY,200,0,0,0,0,200
10016097,01-2023,1,Government,5,INF-KRY,100,100,0,0,0,200
10016263,02-2024,1,Government,5,INF-KRY,0,200,0,0,0,200
10021559,01-2022,1,Government,5,INF-KRY,200,0,0,0,0,200
10009117,03-2022,1,Government,5,INF-KRY,200,0,0,0,0,200
676,05-2023,1,Government,10000159,DIRECT CLIENT,200,0,0,0,0,200
593,03-2022,1,Government,5,INF-KRY,0,200,0,0,0,200
703,10-2022,20000001,Government Commercial,10000128,PID(K),200,0,0,0,0,200
1662,06-2023,1,Government,2,PID(I),0,0,0,200,0,200
10029697,12-2023,1,Government,5,INF-KRY,200,0,0,0,0,200
10022970,04-2022,1,Government,3,PID(K),126,72,0,0,0,198
1761,10-2022,1,Government,2,PID(I),198,0,0,0,0,198
10024891,05-2023,1,Government,5,INF-KRY,196,0,0,0,0,196
10023718,07-2023,1,Government,5,INF-KRY,90,105,0,0,0,195
10022257,01-2023,1,Government,5,INF-KRY,0,195,0,0,0,195
741,02-2023,20000001,Government Commercial,10000128,PID(K),120,75,0,0,0,195
739,03-2023,1,Government,3,PID(K),115,80,0,0,0,195
575,03-2023,1,Government,10000159,DIRECT CLIENT,194,0,0,0,0,194
698,09-2022,20000001,Government Commercial,10000128,PID(K),120,72,0,0,0,192
510,05-2023,1,Government,5,INF-KRY,192,0,0,0,0,192
1731,10-2022,1,Government,2,PID(I),192,0,0,0,0,192
10009117,05-2023,1,Government,5,INF-KRY,192,0,0,0,0,192
10009919,11-2023,1,Government,5,INF-KRY,96,96,0,0,0,192
5372,06-2023,1,Government,5,INF-KRY,192,0,0,0,0,192
10027201,08-2022,1,Government,5,INF-KRY,192,0,0,0,0,192
10027201,03-2023,1,Government,5,INF-KRY,191,0,0,0,0,191
4322,04-2023,20000001,Government Commercial,10000128,PID(K),191,0,0,0,0,191
507,01-2024,1,Government,5,INF-KRY,44,147,0,0,0,191
535,05-2022,1,Government,5,INF-KRY,0,190,0,0,0,190
10006730,01-2024,1,Government,5,INF-KRY,66,124,0,0,0,190
10021641,03-2023,1,Government,5,INF-KRY,190,0,0,0,0,190
10027650,03-2022,1,Government,5,INF-KRY,189,0,0,0,0,189
10001569,08-2023,2,Commercial,13,ROP,0,80,0,108,0,188
1689,08-2023,20000001,Government Commercial,10000132,PID(I),88,100,0,0,0,188
894,06-2023,20000001,Government Commercial,10000129,PID(L),0,188,0,0,0,188
894,02-2024,20000001,Government Commercial,10000129,PID(L),0,0,0,188,0,188
741,04-2023,20000001,Government Commercial,10000128,PID(K),120,66,0,0,0,186
741,05-2023,20000001,Government Commercial,10000128,PID(K),120,66,0,0,0,186
1713,01-2024,20000001,Government Commercial,10000160,DIRECT CLIENT,0,186,0,0,0,186
510,02-2023,1,Government,5,INF-KRY,186,0,0,0,0,186
10005260,03-2022,1,Government,3,PID(K),186,0,0,0,0,186
10004246,05-2022,1,Government,5,INF-KRY,0,0,0,184,0,184
575,10-2023,1,Government,10000159,DIRECT CLIENT,184,0,0,0,0,184
1670,09-2022,1,Government,2,PID(I),0,184,0,0,0,184
4322,06-2023,20000001,Government Commercial,10000128,PID(K),184,0,0,0,0,184
10030637,06-2023,1,Government,10000159,DIRECT CLIENT,184,0,0,0,0,184
10021949,02-2024,1,Government,5,INF-KRY,97,50,0,36,0,183
741,03-2022,20000001,Government Commercial,10000128,PID(K),0,183,0,0,0,183
10019147,01-2023,2,Commercial,18,BUILDERS,183,0,0,0,0,183
10019433,01-2024,1,Government,5,INF-KRY,0,180,0,0,0,180
10016097,08-2023,1,Government,5,INF-KRY,0,180,0,0,0,180
10009902,05-2022,1,Government,5,INF-KRY,0,180,0,0,0,180
10009784,04-2023,1,Government,5,INF-KRY,180,0,0,0,0,180
10008913,01-2024,1,Government,5,INF-KRY,180,0,0,0,0,180
10006194,04-2023,1,Government,5,INF-KRY,180,0,0,0,0,180
10006065,03-2022,1,Government,5,INF-KRY,105,75,0,0,0,180
10007254,01-2023,20000001,Government Commercial,10000130,PID(H),0,180,0,0,0,180
10007254,02-2023,20000001,Government Commercial,10000130,PID(H),0,180,0,0,0,180
10000429,04-2023,2,Commercial,13,ROP,0,0,0,180,0,180
755,10-2022,20000001,Government Commercial,10000128,PID(K),0,180,0,0,0,180
1575,06-2022,1,Government,2,PID(I),0,180,0,0,0,180
1575,02-2023,1,Government,2,PID(I),108,0,0,72,0,180
4387,12-2022,1,Government,5,INF-KRY,180,0,0,0,0,180
1683,04-2023,1,Government,2,PID(I),0,50,0,130,0,180
592,07-2023,1,Government,5,INF-KRY,180,0,0,0,0,180
675,05-2022,1,Government,3,PID(K),180,0,0,0,0,180
10022257,10-2023,1,Government,5,INF-KRY,180,0,0,0,0,180
10022585,04-2022,1,Government,5,INF-KRY,0,180,0,0,0,180
10025937,09-2022,2,Commercial,13,ROP,0,0,0,180,0,180
10028806,12-2022,1,Government,10000159,DIRECT CLIENT,60,60,0,60,0,180
10029240,02-2023,1,Government,10000159,DIRECT CLIENT,180,0,0,0,0,180
10027402,09-2023,1,Government,10000159,DIRECT CLIENT,180,0,0,0,0,180
1042798159,09-2022,2,Commercial,14,EDUCATION,0,0,0,180,0,180
1042798159,11-2022,2,Commercial,14,EDUCATION,0,0,0,180,0,180
10030943,04-2023,2,Commercial,18,BUILDERS,0,0,0,180,0,180
10028475,08-2023,1,Government,5,INF-KRY,88,90,0,0,0,178
623,01-2023,2,Commercial,13,ROP,178,0,0,0,0,178
10001431,06-2023,1,Government,5,INF-KRY,108,70,0,0,0,178
10005260,10-2022,1,Government,3,PID(K),178,0,0,0,0,178
10002544,05-2023,1,Government,5,INF-KRY,177,0,0,0,0,177
10022257,11-2022,1,Government,5,INF-KRY,0,177,0,0,0,177
10023962,07-2023,1,Government,5,INF-KRY,0,96,0,80,0,176
10007254,07-2023,20000001,Government Commercial,10000130,PID(H),0,116,0,60,0,176
754,11-2023,1,Government,3,PID(K),176,0,0,0,0,176
739,12-2023,1,Government,3,PID(K),78,98,0,0,0,176
1596,08-2022,1,Government,2,PID(I),0,0,0,175,0,175
10024517,07-2023,1,Government,5,INF-KRY,0,175,0,0,0,175
713,03-2023,20000001,Government Commercial,10000128,PID(K),108,66,0,0,0,174
1689,12-2022,20000001,Government Commercial,10000132,PID(I),174,0,0,0,0,174
1689,09-2023,20000001,Government Commercial,10000132,PID(I),94,80,0,0,0,174
623,08-2023,2,Commercial,13,ROP,174,0,0,0,0,174
399,08-2022,1,Government,5,INF-KRY,84,90,0,0,0,174
417,11-2022,1,Government,5,INF-KRY,174,0,0,0,0,174
10018669,10-2022,1,Government,2,PID(I),120,54,0,0,0,174
1689,01-2022,20000001,Government Commercial,10000132,PID(I),64,48,0,60,0,172
757,06-2023,20000001,Government Commercial,10000128,PID(K),172,0,0,0,0,172
757,12-2023,20000001,Government Commercial,10000128,PID(K),172,0,0,0,0,172
746,09-2022,20000001,Government Commercial,10000128,PID(K),170,0,0,0,0,170
510,01-2023,1,Government,5,INF-KRY,170,0,0,0,0,170
575,09-2023,1,Government,10000159,DIRECT CLIENT,170,0,0,0,0,170
585,03-2023,1,Government,5,INF-KRY,0,168,0,0,0,168
10021269,08-2023,1,Government,5,INF-KRY,0,168,0,0,0,168
10018390,09-2022,1,Government,5,INF-KRY,96,72,0,0,0,168
10015632,01-2024,1,Government,5,INF-KRY,168,0,0,0,0,168
10015000,05-2022,20000001,Government Commercial,10000160,DIRECT CLIENT,0,0,0,168,0,168
10009722,10-2023,1,Government,5,INF-KRY,0,0,0,168,0,168
10011170,11-2023,1,Government,5,INF-KRY,168,0,0,0,0,168
10010317,09-2022,1,Government,5,INF-KRY,30,138,0,0,0,168
10007254,12-2022,20000001,Government Commercial,10000130,PID(H),0,168,0,0,0,168
10006065,02-2022,1,Government,5,INF-KRY,18,150,0,0,0,168
10006198,01-2022,1,Government,10000159,DIRECT CLIENT,168,0,0,0,0,168
10025638,06-2023,20000001,Government Commercial,10000130,PID(H),168,0,0,0,0,168
10023919,10-2023,1,Government,5,INF-KRY,0,0,0,168,0,168
10022585,05-2023,1,Government,5,INF-KRY,168,0,0,0,0,168
10021949,04-2022,1,Government,5,INF-KRY,168,0,0,0,0,168
10021949,09-2023,1,Government,5,INF-KRY,86,82,0,0,0,168
10028452,03-2022,2,Commercial,13,ROP,168,0,0,0,0,168
10027201,12-2022,1,Government,5,INF-KRY,168,0,0,0,0,168
10031055,11-2023,2,Commercial,18,BUILDERS,0,108,0,60,0,168
10031055,12-2023,2,Commercial,18,BUILDERS,0,108,0,60,0,168
626,06-2023,1,Government,5,INF-KRY,167,0,0,0,0,167
713,10-2023,20000001,Government Commercial,10000128,PID(K),104,63,0,0,0,167
741,07-2022,20000001,Government Commercial,10000128,PID(K),66,100,0,0,0,166
1713,03-2022,20000001,Government Commercial,10000160,DIRECT CLIENT,0,166,0,0,0,166
10002544,11-2023,1,Government,5,INF-KRY,78,88,0,0,0,166
10029610,01-2022,1,Government,5,INF-KRY,102,64,0,0,0,166
10021949,11-2022,1,Government,5,INF-KRY,76,90,0,0,0,166
10023430,12-2022,1,Government,5,INF-KRY,90,75,0,0,0,165
10023644,11-2022,1,Government,10000159,DIRECT CLIENT,165,0,0,0,0,165
739,01-2024,1,Government,3,PID(K),24,141,0,0,0,165
730,08-2022,1,Government,3,PID(K),75,90,0,0,0,165
1689,02-2024,20000001,Government Commercial,10000132,PID(I),164,0,0,0,0,164
10002572,04-2023,1,Government,5,INF-KRY,0,164,0,0,0,164
511,05-2022,1,Government,8,PID(H),163,0,0,0,0,163
686,01-2023,1,Government,3,PID(K),162,0,0,0,0,162
4377,12-2022,1,Government,5,INF-KRY,162,0,0,0,0,162
4322,05-2022,20000001,Government Commercial,10000128,PID(K),34,128,0,0,0,162
4305,11-2023,1,Government,3,PID(K),0,162,0,0,0,162
713,04-2023,20000001,Government Commercial,10000128,PID(K),108,54,0,0,0,162
739,05-2023,1,Government,3,PID(K),86,76,0,0,0,162
741,07-2023,20000001,Government Commercial,10000128,PID(K),162,0,0,0,0,162
741,08-2022,20000001,Government Commercial,10000128,PID(K),0,162,0,0,0,162
10006065,01-2022,1,Government,5,INF-KRY,162,0,0,0,0,162
10005260,08-2023,1,Government,3,PID(K),162,0,0,0,0,162
10007092,04-2023,1,Government,5,INF-KRY,162,0,0,0,0,162
10006785,05-2023,1,Government,5,INF-KRY,96,66,0,0,0,162
10009448,03-2023,1,Government,5,INF-KRY,162,0,0,0,0,162
10024000,01-2024,1,Government,5,INF-KRY,162,0,0,0,0,162
10028098,04-2022,1,Government,5,INF-KRY,162,0,0,0,0,162
510,10-2022,1,Government,5,INF-KRY,161,0,0,0,0,161
522,12-2023,1,Government,10000159,DIRECT CLIENT,160,0,0,0,0,160
535,10-2023,1,Government,5,INF-KRY,0,160,0,0,0,160
738,06-2023,1,Government,3,PID(K),0,160,0,0,0,160
730,08-2023,1,Government,3,PID(K),80,80,0,0,0,160
1596,01-2023,1,Government,2,PID(I),0,0,0,160,0,160
1665,02-2024,1,Government,2,PID(I),80,80,0,0,0,160
1559,12-2023,1,Government,2,PID(I),160,0,0,0,0,160
4387,02-2023,1,Government,5,INF-KRY,160,0,0,0,0,160
1731,07-2023,1,Government,2,PID(I),160,0,0,0,0,160
10009626,11-2022,1,Government,5,INF-KRY,0,160,0,0,0,160
10009722,03-2023,1,Government,5,INF-KRY,160,0,0,0,0,160
10010162,09-2022,1,Government,5,INF-KRY,0,160,0,0,0,160
10010572,08-2023,1,Government,5,INF-KRY,0,160,0,0,0,160
10010998,01-2022,1,Government,5,INF-KRY,160,0,0,0,0,160
10006785,03-2023,1,Government,5,INF-KRY,160,0,0,0,0,160
10002544,04-2023,1,Government,5,INF-KRY,160,0,0,0,0,160
10002382,02-2023,20000001,Government Commercial,10000132,PID(I),0,0,0,160,0,160
10000144,02-2024,2,Commercial,16,EAR PANELS,0,0,0,160,0,160
10000144,05-2023,2,Commercial,16,EAR PANELS,0,0,0,160,0,160
10029240,05-2022,1,Government,10000159,DIRECT CLIENT,160,0,0,0,0,160
10030637,07-2022,1,Government,10000159,DIRECT CLIENT,72,88,0,0,0,160
10030637,02-2023,1,Government,10000159,DIRECT CLIENT,160,0,0,0,0,160
10024000,04-2023,1,Government,5,INF-KRY,160,0,0,0,0,160
10023718,04-2023,1,Government,5,INF-KRY,0,160,0,0,0,160
10000513,07-2023,1,Government,5,INF-KRY,75,84,0,0,0,159
376,07-2023,1,Government,5,INF-KRY,0,159,0,0,0,159
10007254,11-2023,20000001,Government Commercial,10000130,PID(H),0,158,0,0,0,158
10006772,02-2022,1,Government,5,INF-KRY,0,0,0,156,0,156
10015000,07-2022,20000001,Government Commercial,10000160,DIRECT CLIENT,0,0,0,156,0,156
522,01-2022,1,Government,10000159,DIRECT CLIENT,156,0,0,0,0,156
623,09-2022,2,Commercial,13,ROP,156,0,0,0,0,156
1689,01-2024,20000001,Government Commercial,10000132,PID(I),120,36,0,0,0,156
713,09-2023,20000001,Government Commercial,10000128,PID(K),120,36,0,0,0,156
739,04-2022,1,Government,3,PID(K),102,54,0,0,0,156
10023878,12-2023,20000001,Government Commercial,10000160,DIRECT CLIENT,0,156,0,0,0,156
10025638,05-2023,20000001,Government Commercial,10000130,PID(H),156,0,0,0,0,156
507,02-2022,1,Government,5,INF-KRY,0,154,0,0,0,154
626,10-2023,1,Government,5,INF-KRY,153,0,0,0,0,153
10011200,07-2023,1,Government,5,INF-KRY,78,75,0,0,0,153
10006152,01-2022,1,Government,2,PID(I),152,0,0,0,0,152
10006198,02-2022,1,Government,10000159,DIRECT CLIENT,152,0,0,0,0,152
10029240,04-2023,1,Government,10000159,DIRECT CLIENT,152,0,0,0,0,152
10027205,02-2023,1,Government,5,INF-KRY,152,0,0,0,0,152
10027201,02-2022,1,Government,5,INF-KRY,150,0,0,0,0,150
10022259,01-2022,1,Government,5,INF-KRY,0,150,0,0,0,150
10006198,01-2024,1,Government,10000159,DIRECT CLIENT,60,0,0,90,0,150
10005457,09-2022,1,Government,4,PID(L),15,135,0,0,0,150
10004194,02-2023,1,Government,5,INF-KRY,150,0,0,0,0,150
10010317,10-2022,1,Government,5,INF-KRY,66,84,0,0,0,150
10018546,12-2023,1,Government,5,INF-KRY,150,0,0,0,0,150
623,07-2023,2,Commercial,13,ROP,150,0,0,0,0,150
586,01-2024,1,Government,5,INF-KRY,150,0,0,0,0,150
428,08-2023,1,Government,5,INF-KRY,75,75,0,0,0,150
507,10-2023,1,Government,5,INF-KRY,108,40,0,0,0,148
660,03-2023,1,Government,10000159,DIRECT CLIENT,148,0,0,0,0,148
754,04-2022,1,Government,3,PID(K),148,0,0,0,0,148
1730,03-2023,1,Government,2,PID(I),0,0,0,148,0,148
10007254,10-2022,20000001,Government Commercial,10000130,PID(H),100,48,0,0,0,148
10021949,11-2023,1,Government,5,INF-KRY,90,30,0,28,0,148
10030637,06-2022,1,Government,10000159,DIRECT CLIENT,100,48,0,0,0,148
10002761,07-2023,1,Government,5,INF-KRY,75,0,0,72,0,147
4479,09-2022,1,Government,10000159,DIRECT CLIENT,147,0,0,0,0,147
10001193,09-2023,1,Government,5,INF-KRY,0,146,0,0,0,146
10027402,01-2024,1,Government,10000159,DIRECT CLIENT,146,0,0,0,0,146
757,01-2024,20000001,Government Commercial,10000128,PID(K),85,60,0,0,0,145
754,11-2022,1,Government,3,PID(K),72,72,0,0,0,144
754,02-2023,1,Government,3,PID(K),48,96,0,0,0,144
757,03-2022,20000001,Government Commercial,10000128,PID(K),0,144,0,0,0,144
1731,06-2022,1,Government,2,PID(I),144,0,0,0,0,144
1689,03-2023,20000001,Government Commercial,10000132,PID(I),64,80,0,0,0,144
700,05-2023,1,Government,5,INF-KRY,144,0,0,0,0,144
623,10-2022,2,Commercial,13,ROP,144,0,0,0,0,144
511,07-2022,1,Government,8,PID(H),144,0,0,0,0,144
4991,10-2022,2,Commercial,13,ROP,0,144,0,0,0,144
4605,03-2023,2,Commercial,13,ROP,144,0,0,0,0,144
10007780,05-2023,1,Government,5,INF-KRY,144,0,0,0,0,144
10021641,04-2023,1,Government,5,INF-KRY,144,0,0,0,0,144
10010744,04-2023,1,Government,5,INF-KRY,144,0,0,0,0,144
10011087,05-2023,1,Government,5,INF-KRY,144,0,0,0,0,144
10022036,11-2022,1,Government,5,INF-KRY,144,0,0,0,0,144
10026796,07-2023,1,Government,5,INF-KRY,93,50,0,0,0,143
10018193,06-2022,1,Government,5,INF-KRY,72,70,0,0,0,142
351,09-2022,1,Government,5,INF-KRY,48,94,0,0,0,142
739,11-2022,1,Government,3,PID(K),112,30,0,0,0,142
4479,10-2023,1,Government,10000159,DIRECT CLIENT,141,0,0,0,0,141
10002382,12-2022,20000001,Government Commercial,10000132,PID(I),0,0,0,140,0,140
10007903,01-2023,1,Government,2,PID(I),0,0,0,140,0,140
10004024,07-2023,1,Government,5,INF-KRY,140,0,0,0,0,140
10006198,02-2024,1,Government,10000159,DIRECT CLIENT,140,0,0,0,0,140
10021878,01-2022,1,Government,5,INF-KRY,140,0,0,0,0,140
10021269,09-2023,1,Government,5,INF-KRY,140,0,0,0,0,140
10011087,11-2023,1,Government,5,INF-KRY,140,0,0,0,0,140
10010326,05-2023,1,Government,5,INF-KRY,0,140,0,0,0,140
10009784,12-2023,1,Government,5,INF-KRY,140,0,0,0,0,140
703,07-2023,20000001,Government Commercial,10000128,PID(K),0,0,0,140,0,140
872,10-2023,1,Government,4,PID(L),0,140,0,0,0,140
851,11-2022,20000001,Government Commercial,10000129,PID(L),0,140,0,0,0,140
522,05-2022,1,Government,10000159,DIRECT CLIENT,140,0,0,0,0,140
10028098,04-2023,1,Government,5,INF-KRY,140,0,0,0,0,140
10030637,01-2022,1,Government,10000159,DIRECT CLIENT,0,140,0,0,0,140
10021949,01-2024,1,Government,5,INF-KRY,90,0,0,50,0,140
10024891,11-2022,1,Government,3,PID(K),140,0,0,0,0,140
10030473,07-2023,1,Government,5,INF-KRY,75,64,0,0,0,139
527,06-2022,1,Government,5,INF-KRY,89,50,0,0,0,139
10020668,10-2023,1,Government,5,INF-KRY,75,64,0,0,0,139
10016263,12-2023,1,Government,5,INF-KRY,0,138,0,0,0,138
10008973,04-2022,1,Government,5,INF-KRY,108,30,0,0,0,138
10007644,10-2023,1,Government,5,INF-KRY,66,72,0,0,0,138
363,07-2023,1,Government,5,INF-KRY,138,0,0,0,0,138
575,07-2022,1,Government,10000159,DIRECT CLIENT,138,0,0,0,0,138
739,11-2023,1,Government,3,PID(K),36,102,0,0,0,138
739,05-2022,1,Government,3,PID(K),54,84,0,0,0,138
10028475,04-2023,1,Government,5,INF-KRY,138,0,0,0,0,138
10014558,05-2022,1,Government,5,INF-KRY,0,69,0,68,0,137
10016097,09-2022,1,Government,5,INF-KRY,0,136,0,0,0,136
10016208,05-2023,1,Government,5,INF-KRY,136,0,0,0,0,136
10009425,02-2023,1,Government,2,PID(I),136,0,0,0,0,136
10011105,12-2022,1,Government,5,INF-KRY,136,0,0,0,0,136
10010744,10-2023,1,Government,5,INF-KRY,0,136,0,0,0,136
10006785,01-2022,1,Government,5,INF-KRY,92,44,0,0,0,136
4532,04-2022,1,Government,5,INF-KRY,112,24,0,0,0,136
711,04-2023,1,Government,3,PID(K),56,80,0,0,0,136
1559,06-2022,1,Government,2,PID(I),136,0,0,0,0,136
1689,03-2022,20000001,Government Commercial,10000132,PID(I),36,100,0,0,0,136
361,12-2023,1,Government,8,PID(H),0,136,0,0,0,136
10030523,07-2023,1,Government,5,INF-KRY,40,96,0,0,0,136
10030637,01-2024,1,Government,10000159,DIRECT CLIENT,136,0,0,0,0,136
10023878,01-2023,20000001,Government Commercial,10000160,DIRECT CLIENT,0,136,0,0,0,136
585,05-2023,1,Government,5,INF-KRY,135,0,0,0,0,135
1713,02-2023,20000001,Government Commercial,10000160,DIRECT CLIENT,0,135,0,0,0,135
1596,09-2022,1,Government,2,PID(I),0,135,0,0,0,135
716,04-2023,1,Government,5,INF-KRY,135,0,0,0,0,135
741,10-2023,20000001,Government Commercial,10000128,PID(K),135,0,0,0,0,135
4991,03-2023,2,Commercial,13,ROP,0,45,0,90,0,135
10006785,07-2023,1,Government,5,INF-KRY,0,135,0,0,0,135
10010365,02-2023,1,Government,5,INF-KRY,135,0,0,0,0,135
10009784,05-2022,1,Government,5,INF-KRY,135,0,0,0,0,135
10016097,01-2022,1,Government,5,INF-KRY,0,135,0,0,0,135
10015616,01-2024,1,Government,5,INF-KRY,135,0,0,0,0,135
10016461,07-2023,1,Government,5,INF-KRY,0,0,0,134,0,134
10006730,01-2022,1,Government,5,INF-KRY,134,0,0,0,0,134
675,07-2022,1,Government,3,PID(K),0,134,0,0,0,134
10003241,07-2023,1,Government,5,INF-KRY,45,88,0,0,0,133
10027402,01-2023,1,Government,10000159,DIRECT CLIENT,133,0,0,0,0,133
10023644,06-2023,1,Government,10000159,DIRECT CLIENT,132,0,0,0,0,132
10001605,03-2023,1,Government,5,INF-KRY,132,0,0,0,0,132
10007254,05-2023,20000001,Government Commercial,10000130,PID(H),0,132,0,0,0,132
10015000,01-2022,20000001,Government Commercial,10000160,DIRECT CLIENT,0,20,0,112,0,132
757,08-2022,20000001,Government Commercial,10000128,PID(K),72,60,0,0,0,132
4307,08-2023,20000001,Government Commercial,10000130,PID(H),0,130,0,0,0,130
4322,12-2022,20000001,Government Commercial,10000128,PID(K),100,30,0,0,0,130
10027201,04-2022,1,Government,5,INF-KRY,130,0,0,0,0,130
716,02-2024,1,Government,5,INF-KRY,0,129,0,0,0,129
10018546,02-2024,1,Government,5,INF-KRY,129,0,0,0,0,129
10007780,03-2022,1,Government,5,INF-KRY,129,0,0,0,0,129
10004355,05-2022,1,Government,5,INF-KRY,128,0,0,0,0,128
10004497,01-2023,1,Government,2,PID(I),0,128,0,0,0,128
10015632,11-2023,1,Government,5,INF-KRY,128,0,0,0,0,128
10015332,05-2022,20000001,Government Commercial,10000128,PID(K),0,128,0,0,0,128
4322,07-2023,20000001,Government Commercial,10000128,PID(K),128,0,0,0,0,128
4416,05-2022,1,Government,2,PID(I),0,0,0,128,0,128
4416,10-2022,1,Government,2,PID(I),128,0,0,0,0,128
1689,06-2023,20000001,Government Commercial,10000132,PID(I),128,0,0,0,0,128
1731,03-2022,1,Government,2,PID(I),128,0,0,0,0,128
1718,07-2022,20000001,Government Commercial,10000132,PID(I),0,0,0,128,0,128
1677,09-2022,1,Government,2,PID(I),0,128,0,0,0,128
632,12-2023,1,Government,5,INF-KRY,0,128,0,0,0,128
594,04-2023,1,Government,5,INF-KRY,128,0,0,0,0,128
522,09-2022,1,Government,10000159,DIRECT CLIENT,128,0,0,0,0,128
10030501,11-2023,2,Commercial,13,ROP,128,0,0,0,0,128
10022257,01-2022,1,Government,5,INF-KRY,128,0,0,0,0,128
10029695,06-2022,1,Government,5,INF-KRY,126,0,0,0,0,126
10028274,12-2023,1,Government,5,INF-KRY,60,0,0,66,0,126
10027402,11-2022,1,Government,10000159,DIRECT CLIENT,126,0,0,0,0,126
739,10-2022,1,Government,3,PID(K),96,30,0,0,0,126
10016263,09-2022,1,Government,5,INF-KRY,126,0,0,0,0,126
10021878,02-2022,1,Government,5,INF-KRY,126,0,0,0,0,126
10021642,02-2022,1,Government,5,INF-KRY,126,0,0,0,0,126
10006194,02-2023,1,Government,5,INF-KRY,126,0,0,0,0,126
10002600,08-2023,1,Government,5,INF-KRY,126,0,0,0,0,126
10006178,08-2023,1,Government,5,INF-KRY,125,0,0,0,0,125
10007780,01-2023,1,Government,5,INF-KRY,125,0,0,0,0,125
10006785,12-2022,1,Government,5,INF-KRY,81,44,0,0,0,125
10019433,04-2023,1,Government,5,INF-KRY,125,0,0,0,0,125
10015616,02-2023,1,Government,5,INF-KRY,125,0,0,0,0,125
510,12-2022,1,Government,5,INF-KRY,125,0,0,0,0,125
10027840,10-2023,1,Government,10000159,DIRECT CLIENT,125,0,0,0,0,125
10023919,01-2024,1,Government,5,INF-KRY,60,64,0,0,0,124
10025937,05-2023,2,Commercial,13,ROP,0,0,0,124,0,124
528,11-2023,1,Government,5,INF-KRY,0,124,0,0,0,124
354,07-2022,1,Government,8,PID(H),52,0,0,72,0,124
623,06-2023,2,Commercial,13,ROP,124,0,0,0,0,124
575,01-2023,1,Government,10000159,DIRECT CLIENT,124,0,0,0,0,124
754,04-2023,1,Government,3,PID(K),124,0,0,0,0,124
10007319,05-2022,1,Government,5,INF-KRY,124,0,0,0,0,124
10006178,11-2023,1,Government,5,INF-KRY,124,0,0,0,0,124
626,08-2023,1,Government,5,INF-KRY,123,0,0,0,0,123
10027201,12-2023,1,Government,5,INF-KRY,123,0,0,0,0,123
10022570,07-2023,1,Government,5,INF-KRY,58,64,0,0,0,122
623,09-2023,2,Commercial,13,ROP,122,0,0,0,0,122
597,08-2023,1,Government,5,INF-KRY,0,120,0,0,0,120
686,03-2022,1,Government,3,PID(K),120,0,0,0,0,120
688,11-2023,1,Government,3,PID(K),120,0,0,0,0,120
413,05-2023,1,Government,5,INF-KRY,120,0,0,0,0,120
510,09-2022,1,Government,5,INF-KRY,120,0,0,0,0,120
754,10-2023,1,Government,3,PID(K),120,0,0,0,0,120
759,07-2022,1,Government,3,PID(K),120,0,0,0,0,120
872,02-2022,1,Government,4,PID(L),0,120,0,0,0,120
1559,03-2022,1,Government,2,PID(I),120,0,0,0,0,120
1576,01-2022,20000001,Government Commercial,10000132,PID(I),0,0,0,120,0,120
1591,07-2023,1,Government,2,PID(I),0,0,0,120,0,120
730,10-2022,1,Government,3,PID(K),120,0,0,0,0,120
713,12-2022,20000001,Government Commercial,10000128,PID(K),120,0,0,0,0,120
715,02-2022,1,Government,10000159,DIRECT CLIENT,60,60,0,0,0,120
1670,12-2023,1,Government,2,PID(I),0,120,0,0,0,120
1670,03-2023,1,Government,2,PID(I),120,0,0,0,0,120
1670,04-2023,1,Government,2,PID(I),0,120,0,0,0,120
1665,10-2022,1,Government,2,PID(I),0,0,0,120,0,120
1721,05-2022,1,Government,2,PID(I),120,0,0,0,0,120
4305,01-2022,1,Government,3,PID(K),60,60,0,0,0,120
10006145,06-2022,1,Government,5,INF-KRY,60,60,0,0,0,120
10006198,05-2022,1,Government,10000159,DIRECT CLIENT,120,0,0,0,0,120
10006198,06-2023,1,Government,10000159,DIRECT CLIENT,120,0,0,0,0,120
10005260,05-2022,1,Government,3,PID(K),24,96,0,0,0,120
10005260,09-2023,1,Government,3,PID(K),0,120,0,0,0,120
10005457,02-2024,1,Government,4,PID(L),0,120,0,0,0,120
10005779,10-2023,2,Commercial,13,ROP,0,0,0,120,0,120
10005457,08-2022,1,Government,4,PID(L),0,120,0,0,0,120
10005457,08-2023,1,Government,4,PID(L),0,120,0,0,0,120
10005457,04-2022,1,Government,4,PID(L),120,0,0,0,0,120
10004246,04-2022,1,Government,5,INF-KRY,0,120,0,0,0,120
10008471,07-2022,1,Government,5,INF-KRY,0,120,0,0,0,120
10008471,08-2023,1,Government,5,INF-KRY,120,0,0,0,0,120
10008471,11-2023,1,Government,5,INF-KRY,120,0,0,0,0,120
10008471,06-2022,1,Government,5,INF-KRY,120,0,0,0,0,120
10007254,06-2022,20000001,Government Commercial,10000130,PID(H),0,120,0,0,0,120
10007254,04-2022,20000001,Government Commercial,10000130,PID(H),0,120,0,0,0,120
10006880,08-2023,1,Government,5,INF-KRY,0,120,0,0,0,120
10003424,03-2023,2,Commercial,13,ROP,60,60,0,0,0,120
10001605,07-2023,1,Government,5,INF-KRY,120,0,0,0,0,120
10001569,05-2022,2,Commercial,13,ROP,60,60,0,0,0,120
10001049,07-2023,1,Government,8,PID(H),0,120,0,0,0,120
10001049,02-2023,1,Government,8,PID(H),0,120,0,0,0,120
10000429,11-2022,2,Commercial,13,ROP,0,0,0,120,0,120
10000429,05-2022,2,Commercial,13,ROP,0,0,0,120,0,120
4927,06-2022,1,Government,2,PID(I),120,0,0,0,0,120
4580,11-2022,2,Commercial,13,ROP,60,60,0,0,0,120
4558,12-2022,20000001,Government Commercial,10000128,PID(K),120,0,0,0,0,120
4605,05-2022,2,Commercial,13,ROP,120,0,0,0,0,120
4605,06-2022,2,Commercial,13,ROP,120,0,0,0,0,120
4605,06-2023,2,Commercial,13,ROP,120,0,0,0,0,120
4605,11-2022,2,Commercial,13,ROP,120,0,0,0,0,120
4605,01-2022,2,Commercial,13,ROP,120,0,0,0,0,120
10000267,02-2023,1,Government,5,INF-KRY,0,120,0,0,0,120
5240,01-2022,1,Government,3,PID(K),120,0,0,0,0,120
5240,12-2023,1,Government,3,PID(K),120,0,0,0,0,120
10015616,05-2023,1,Government,5,INF-KRY,120,0,0,0,0,120
10015616,11-2022,1,Government,5,INF-KRY,0,120,0,0,0,120
10015616,07-2023,1,Government,5,INF-KRY,0,120,0,0,0,120
10015632,09-2022,1,Government,5,INF-KRY,0,120,0,0,0,120
10015177,05-2023,1,Government,5,INF-KRY,120,0,0,0,0,120
10014491,09-2023,20000001,Government Commercial,10000128,PID(K),0,120,0,0,0,120
10014491,11-2022,1,Government,3,PID(K),60,60,0,0,0,120
10014491,12-2023,20000001,Government Commercial,10000128,PID(K),60,60,0,0,0,120
10014491,01-2023,1,Government,3,PID(K),120,0,0,0,0,120
10014491,07-2022,1,Government,3,PID(K),60,60,0,0,0,120
10016638,01-2023,1,Government,5,INF-KRY,120,0,0,0,0,120
10016203,04-2022,1,Government,5,INF-KRY,0,120,0,0,0,120
10016097,04-2022,1,Government,5,INF-KRY,120,0,0,0,0,120
10021642,04-2023,1,Government,5,INF-KRY,120,0,0,0,0,120
10021660,08-2023,1,Government,5,INF-KRY,120,0,0,0,0,120
10021878,04-2023,1,Government,5,INF-KRY,120,0,0,0,0,120
10021641,06-2022,1,Government,5,INF-KRY,0,0,0,120,0,120
10009501,02-2022,2,Commercial,13,ROP,0,0,0,120,0,120
10008631,02-2022,1,Government,5,INF-KRY,60,60,0,0,0,120
10008631,05-2023,1,Government,5,INF-KRY,120,0,0,0,0,120
10008631,07-2023,1,Government,5,INF-KRY,120,0,0,0,0,120
10009056,06-2023,20000001,Government Commercial,10000129,PID(L),120,0,0,0,0,120
10010289,05-2022,1,Government,5,INF-KRY,120,0,0,0,0,120
10010290,01-2023,1,Government,5,INF-KRY,0,120,0,0,0,120
10010847,02-2022,1,Government,5,INF-KRY,0,120,0,0,0,120
10011028,09-2022,2,Commercial,13,ROP,0,120,0,0,0,120
10011087,05-2022,1,Government,5,INF-KRY,0,120,0,0,0,120
10012271,09-2023,1,Government,4,PID(L),120,0,0,0,0,120
10013969,02-2023,1,Government,5,INF-KRY,120,0,0,0,0,120
10013653,12-2022,1,Government,5,INF-KRY,60,60,0,0,0,120
10013676,11-2023,1,Government,10000159,DIRECT CLIENT,0,120,0,0,0,120
10014073,01-2023,1,Government,5,INF-KRY,120,0,0,0,0,120
10022036,01-2023,1,Government,5,INF-KRY,120,0,0,0,0,120
10021903,11-2023,1,Government,5,INF-KRY,120,0,0,0,0,120
10023340,09-2022,1,Government,5,INF-KRY,120,0,0,0,0,120
10023420,07-2023,1,Government,2,PID(I),120,0,0,0,0,120
10022865,02-2023,1,Government,5,INF-KRY,120,0,0,0,0,120
10023017,04-2023,1,Government,5,INF-KRY,120,0,0,0,0,120
10025228,03-2023,1,Government,5,INF-KRY,120,0,0,0,0,120
10024371,07-2023,1,Government,5,INF-KRY,0,120,0,0,0,120
10024133,02-2024,1,Government,10000159,DIRECT CLIENT,120,0,0,0,0,120
10024000,03-2022,1,Government,5,INF-KRY,0,0,0,120,0,120
10027201,11-2023,1,Government,5,INF-KRY,120,0,0,0,0,120
10027237,01-2022,1,Government,5,INF-KRY,120,0,0,0,0,120
10027237,01-2022,1,Government,10000159,DIRECT CLIENT,120,0,0,0,0,120
10029240,04-2022,1,Government,10000159,DIRECT CLIENT,120,0,0,0,0,120
10029257,01-2022,1,Government,2,PID(I),120,0,0,0,0,120
10030523,02-2022,1,Government,5,INF-KRY,0,120,0,0,0,120
10030946,03-2023,2,Commercial,13,ROP,120,0,0,0,0,120
1042798159,11-2023,2,Commercial,14,EDUCATION,0,0,0,120,0,120
1042798159,02-2023,2,Commercial,14,EDUCATION,0,0,0,120,0,120
1042798159,01-2022,2,Commercial,14,EDUCATION,0,0,0,120,0,120
10030774,03-2022,1,Government,5,INF-KRY,120,0,0,0,0,120
10030817,03-2023,2,Commercial,14,EDUCATION,120,0,0,0,0,120
10030834,12-2022,20000001,Government Commercial,10000160,DIRECT CLIENT,118,0,0,0,0,118
510,06-2023,1,Government,5,INF-KRY,118,0,0,0,0,118
10003885,05-2022,1,Government,5,INF-KRY,117,0,0,0,0,117
10028213,10-2022,1,Government,5,INF-KRY,57,60,0,0,0,117
10005364,03-2023,20000001,Government Commercial,10000128,PID(K),0,116,0,0,0,116
10007254,09-2022,20000001,Government Commercial,10000130,PID(H),0,116,0,0,0,116
10007254,11-2022,20000001,Government Commercial,10000130,PID(H),0,116,0,0,0,116
10014073,08-2023,1,Government,5,INF-KRY,116,0,0,0,0,116
10010998,11-2022,1,Government,5,INF-KRY,116,0,0,0,0,116
496,04-2022,1,Government,5,INF-KRY,116,0,0,0,0,116
4322,04-2022,20000001,Government Commercial,10000128,PID(K),116,0,0,0,0,116
739,01-2023,1,Government,3,PID(K),54,60,0,0,0,114
741,09-2023,20000001,Government Commercial,10000128,PID(K),114,0,0,0,0,114
496,07-2022,1,Government,5,INF-KRY,72,42,0,0,0,114
496,01-2024,1,Government,5,INF-KRY,60,18,0,36,0,114
535,06-2022,1,Government,5,INF-KRY,0,114,0,0,0,114
665,02-2023,1,Government,5,INF-KRY,114,0,0,0,0,114
585,05-2022,1,Government,5,INF-KRY,114,0,0,0,0,114
10010572,02-2023,1,Government,5,INF-KRY,0,114,0,0,0,114
10008957,02-2022,1,Government,5,INF-KRY,0,114,0,0,0,114
10010162,07-2023,1,Government,5,INF-KRY,114,0,0,0,0,114
10018230,04-2023,1,Government,5,INF-KRY,114,0,0,0,0,114
10007505,06-2022,1,Government,5,INF-KRY,54,60,0,0,0,114
10006785,03-2022,1,Government,5,INF-KRY,114,0,0,0,0,114
10005260,09-2022,1,Government,3,PID(K),42,72,0,0,0,114
5032,03-2023,2,Commercial,13,ROP,0,114,0,0,0,114
10022865,02-2022,1,Government,5,INF-KRY,114,0,0,0,0,114
10023131,10-2022,20000001,Government Commercial,10000128,PID(K),112,0,0,0,0,112
10023878,11-2023,20000001,Government Commercial,10000160,DIRECT CLIENT,0,112,0,0,0,112
10021559,06-2022,1,Government,5,INF-KRY,0,0,0,112,0,112
10018390,08-2022,1,Government,5,INF-KRY,76,36,0,0,0,112
10009784,02-2024,1,Government,5,INF-KRY,0,112,0,0,0,112
10014245,10-2023,1,Government,5,INF-KRY,36,40,0,36,0,112
660,07-2023,1,Government,10000159,DIRECT CLIENT,40,72,0,0,0,112
535,02-2023,1,Government,5,INF-KRY,0,112,0,0,0,112
510,12-2023,1,Government,5,INF-KRY,52,60,0,0,0,112
510,11-2023,1,Government,5,INF-KRY,112,0,0,0,0,112
485,03-2023,1,Government,5,INF-KRY,0,112,0,0,0,112
757,04-2023,20000001,Government Commercial,10000128,PID(K),112,0,0,0,0,112
754,03-2023,1,Government,3,PID(K),0,112,0,0,0,112
754,02-2022,1,Government,3,PID(K),112,0,0,0,0,112
579,07-2023,1,Government,5,INF-KRY,111,0,0,0,0,111
10003715,04-2023,1,Government,5,INF-KRY,111,0,0,0,0,111
10006198,07-2022,1,Government,10000159,DIRECT CLIENT,111,0,0,0,0,111
10023718,06-2022,1,Government,5,INF-KRY,111,0,0,0,0,111
10006810,05-2023,1,Government,5,INF-KRY,110,0,0,0,0,110
507,04-2023,1,Government,5,INF-KRY,50,60,0,0,0,110
10006730,01-2023,1,Government,5,INF-KRY,109,0,0,0,0,109
10006785,10-2022,1,Government,5,INF-KRY,108,0,0,0,0,108
10006785,04-2023,1,Government,5,INF-KRY,108,0,0,0,0,108
10007532,06-2022,2,Commercial,13,ROP,108,0,0,0,0,108
10007254,12-2023,20000001,Government Commercial,10000130,PID(H),48,60,0,0,0,108
10008471,12-2022,1,Government,5,INF-KRY,108,0,0,0,0,108
10007663,05-2023,1,Government,5,INF-KRY,0,108,0,0,0,108
10004691,12-2023,1,Government,5,INF-KRY,108,0,0,0,0,108
10005260,08-2022,1,Government,3,PID(K),60,48,0,0,0,108
10004691,03-2022,1,Government,5,INF-KRY,78,30,0,0,0,108
5062,01-2024,2,Commercial,13,ROP,0,108,0,0,0,108
5062,08-2022,2,Commercial,13,ROP,0,108,0,0,0,108
5062,10-2022,2,Commercial,13,ROP,0,108,0,0,0,108
5032,05-2023,2,Commercial,13,ROP,0,108,0,0,0,108
4927,11-2023,1,Government,2,PID(I),0,108,0,0,0,108
4929,04-2023,2,Commercial,13,ROP,108,0,0,0,0,108
4918,08-2022,2,Commercial,13,ROP,108,0,0,0,0,108
4918,12-2022,2,Commercial,13,ROP,0,108,0,0,0,108
4927,04-2022,1,Government,2,PID(I),108,0,0,0,0,108
4897,01-2022,1,Government,10000159,DIRECT CLIENT,108,0,0,0,0,108
4897,01-2024,1,Government,10000159,DIRECT CLIENT,108,0,0,0,0,108
4914,02-2022,2,Commercial,14,EDUCATION,0,108,0,0,0,108
4666,12-2023,2,Commercial,13,ROP,108,0,0,0,0,108
4559,04-2022,2,Commercial,13,ROP,0,108,0,0,0,108
4559,11-2023,2,Commercial,13,ROP,0,108,0,0,0,108
4599,12-2023,2,Commercial,13,ROP,108,0,0,0,0,108
5261,07-2023,1,Government,3,PID(K),108,0,0,0,0,108
5261,09-2023,1,Government,3,PID(K),108,0,0,0,0,108
5261,10-2023,1,Government,3,PID(K),108,0,0,0,0,108
5261,12-2022,1,Government,3,PID(K),0,108,0,0,0,108
5343,03-2023,1,Government,2,PID(I),0,0,0,108,0,108
5178,01-2022,1,Government,3,PID(K),108,0,0,0,0,108
5062,01-2022,2,Commercial,13,ROP,0,108,0,0,0,108
5062,12-2023,2,Commercial,13,ROP,0,108,0,0,0,108
10000313,02-2023,1,Government,5,INF-KRY,108,0,0,0,0,108
10000313,04-2023,1,Government,10000159,DIRECT CLIENT,108,0,0,0,0,108
10000091,05-2022,20000001,Government Commercial,10000128,PID(K),108,0,0,0,0,108
10000020,05-2023,1,Government,5,INF-KRY,108,0,0,0,0,108
10001049,04-2023,1,Government,8,PID(H),108,0,0,0,0,108
10001150,03-2023,1,Government,10000159,DIRECT CLIENT,108,0,0,0,0,108
10001801,05-2023,2,Commercial,13,ROP,0,108,0,0,0,108
10002281,06-2023,1,Government,2,PID(I),0,0,0,108,0,108
10013969,02-2022,1,Government,5,INF-KRY,108,0,0,0,0,108
10013969,10-2022,1,Government,5,INF-KRY,108,0,0,0,0,108
10013969,03-2022,1,Government,5,INF-KRY,108,0,0,0,0,108
10013969,04-2023,1,Government,5,INF-KRY,108,0,0,0,0,108
10010956,11-2022,2,Commercial,13,ROP,0,108,0,0,0,108
10011105,01-2023,1,Government,5,INF-KRY,0,108,0,0,0,108
10009722,02-2023,1,Government,5,INF-KRY,108,0,0,0,0,108
10009918,03-2023,1,Government,5,INF-KRY,0,108,0,0,0,108
10008902,05-2023,1,Government,5,INF-KRY,0,108,0,0,0,108
10018859,10-2022,1,Government,5,INF-KRY,0,108,0,0,0,108
10018917,10-2022,2,Commercial,14,EDUCATION,0,108,0,0,0,108
10019147,08-2023,2,Commercial,18,BUILDERS,108,0,0,0,0,108
10019147,09-2022,2,Commercial,18,BUILDERS,108,0,0,0,0,108
10020401,02-2023,1,Government,5,INF-KRY,0,108,0,0,0,108
10021538,09-2023,1,Government,5,INF-KRY,108,0,0,0,0,108
10021556,03-2023,1,Government,5,INF-KRY,108,0,0,0,0,108
10021556,08-2023,1,Government,5,INF-KRY,108,0,0,0,0,108
10021641,10-2022,1,Government,5,INF-KRY,108,0,0,0,0,108
10016878,09-2023,1,Government,10000159,DIRECT CLIENT,108,0,0,0,0,108
10017295,09-2022,2,Commercial,18,BUILDERS,0,108,0,0,0,108
10016638,05-2023,1,Government,5,INF-KRY,108,0,0,0,0,108
10014846,01-2022,2,Commercial,13,ROP,108,0,0,0,0,108
10014846,02-2022,2,Commercial,13,ROP,108,0,0,0,0,108
10014846,06-2022,2,Commercial,13,ROP,108,0,0,0,0,108
10015000,06-2022,20000001,Government Commercial,10000160,DIRECT CLIENT,108,0,0,0,0,108
496,10-2022,1,Government,5,INF-KRY,0,0,0,108,0,108
476,06-2023,1,Government,5,INF-KRY,0,108,0,0,0,108
511,03-2022,1,Government,8,PID(H),108,0,0,0,0,108
511,12-2022,1,Government,8,PID(H),108,0,0,0,0,108
419,02-2023,1,Government,5,INF-KRY,0,108,0,0,0,108
432,07-2022,1,Government,5,INF-KRY,0,108,0,0,0,108
432,11-2022,1,Government,5,INF-KRY,108,0,0,0,0,108
381,05-2023,1,Government,5,INF-KRY,0,108,0,0,0,108
411,04-2022,1,Government,5,INF-KRY,108,0,0,0,0,108
363,01-2022,1,Government,5,INF-KRY,0,108,0,0,0,108
595,05-2022,1,Government,5,INF-KRY,0,108,0,0,0,108
632,11-2023,1,Government,5,INF-KRY,0,108,0,0,0,108
626,05-2022,1,Government,5,INF-KRY,108,0,0,0,0,108
629,03-2022,1,Government,5,INF-KRY,0,108,0,0,0,108
624,03-2023,1,Government,10000159,DIRECT CLIENT,0,108,0,0,0,108
676,08-2023,1,Government,10000159,DIRECT CLIENT,108,0,0,0,0,108
755,06-2023,20000001,Government Commercial,10000128,PID(K),108,0,0,0,0,108
755,11-2022,20000001,Government Commercial,10000128,PID(K),108,0,0,0,0,108
755,12-2022,20000001,Government Commercial,10000128,PID(K),0,108,0,0,0,108
755,09-2023,20000001,Government Commercial,10000128,PID(K),0,54,0,54,0,108
1575,10-2023,1,Government,2,PID(I),0,108,0,0,0,108
1575,12-2023,1,Government,2,PID(I),0,0,0,108,0,108
1573,07-2023,20000001,Government Commercial,10000132,PID(I),0,0,0,108,0,108
1559,01-2023,1,Government,2,PID(I),108,0,0,0,0,108
1559,06-2023,1,Government,2,PID(I),108,0,0,0,0,108
1559,04-2023,1,Government,2,PID(I),108,0,0,0,0,108
1559,05-2023,1,Government,2,PID(I),0,0,0,108,0,108
1559,03-2023,1,Government,2,PID(I),108,0,0,0,0,108
1596,12-2022,1,Government,2,PID(I),0,108,0,0,0,108
1603,01-2023,1,Government,2,PID(I),0,108,0,0,0,108
1596,06-2022,1,Government,2,PID(I),0,0,0,108,0,108
1596,06-2023,1,Government,2,PID(I),0,108,0,0,0,108
1609,01-2022,1,Government,2,PID(I),0,108,0,0,0,108
1603,03-2023,1,Government,2,PID(I),108,0,0,0,0,108
1632,09-2023,1,Government,2,PID(I),0,108,0,0,0,108
741,06-2023,20000001,Government Commercial,10000128,PID(K),0,108,0,0,0,108
741,01-2023,20000001,Government Commercial,10000128,PID(K),108,0,0,0,0,108
703,08-2023,20000001,Government Commercial,10000128,PID(K),108,0,0,0,0,108
731,06-2022,1,Government,3,PID(K),0,108,0,0,0,108
726,11-2022,1,Government,3,PID(K),108,0,0,0,0,108
4308,12-2022,1,Government,2,PID(I),0,0,0,108,0,108
4307,05-2023,1,Government,8,PID(H),108,0,0,0,0,108
4305,07-2022,1,Government,3,PID(K),108,0,0,0,0,108
1755,03-2023,1,Government,2,PID(I),0,0,0,108,0,108
1784,03-2023,1,Government,2,PID(I),108,0,0,0,0,108
1784,05-2022,1,Government,2,PID(I),0,108,0,0,0,108
1784,10-2022,1,Government,2,PID(I),0,0,0,108,0,108
1749,06-2022,1,Government,2,PID(I),108,0,0,0,0,108
1741,06-2022,1,Government,2,PID(I),108,0,0,0,0,108
4420,05-2022,20000001,Government Commercial,10000132,PID(I),108,0,0,0,0,108
4420,11-2022,20000001,Government Commercial,10000132,PID(I),0,0,0,108,0,108
4423,02-2022,1,Government,5,INF-KRY,0,108,0,0,0,108
4416,06-2022,1,Government,2,PID(I),108,0,0,0,0,108
4416,06-2023,1,Government,2,PID(I),108,0,0,0,0,108
4387,03-2023,1,Government,5,INF-KRY,0,108,0,0,0,108
4427,04-2022,1,Government,5,INF-KRY,0,108,0,0,0,108
4443,07-2022,1,Government,2,PID(I),0,0,0,108,0,108
1724,08-2023,1,Government,10000159,DIRECT CLIENT,0,108,0,0,0,108
1724,09-2022,1,Government,10000159,DIRECT CLIENT,0,108,0,0,0,108
1731,04-2023,1,Government,2,PID(I),0,0,0,108,0,108
1730,04-2023,1,Government,2,PID(I),0,108,0,0,0,108
1665,10-2023,1,Government,2,PID(I),0,108,0,0,0,108
1665,12-2023,1,Government,2,PID(I),108,0,0,0,0,108
1670,01-2024,1,Government,2,PID(I),0,108,0,0,0,108
1670,05-2023,1,Government,2,PID(I),0,108,0,0,0,108
1670,06-2022,1,Government,2,PID(I),0,108,0,0,0,108
10023765,01-2023,2,Commercial,18,BUILDERS,108,0,0,0,0,108
10023765,01-2024,2,Commercial,18,BUILDERS,108,0,0,0,0,108
10023718,03-2023,1,Government,5,INF-KRY,108,0,0,0,0,108
10023878,03-2023,20000001,Government Commercial,10000160,DIRECT CLIENT,0,108,0,0,0,108
10023878,06-2023,20000001,Government Commercial,10000160,DIRECT CLIENT,0,108,0,0,0,108
10023765,04-2022,2,Commercial,18,BUILDERS,108,0,0,0,0,108
10023765,04-2023,2,Commercial,18,BUILDERS,108,0,0,0,0,108
10023765,08-2023,2,Commercial,18,BUILDERS,108,0,0,0,0,108
10023765,09-2023,2,Commercial,18,BUILDERS,0,0,0,108,0,108
10023765,10-2022,2,Commercial,18,BUILDERS,108,0,0,0,0,108
10023765,10-2023,2,Commercial,18,BUILDERS,108,0,0,0,0,108
10023765,11-2023,2,Commercial,18,BUILDERS,108,0,0,0,0,108
10023765,12-2022,2,Commercial,18,BUILDERS,108,0,0,0,0,108
10024296,05-2022,1,Government,2,PID(I),0,0,0,108,0,108
10024470,05-2023,1,Government,5,INF-KRY,108,0,0,0,0,108
10025718,06-2022,1,Government,5,INF-KRY,108,0,0,0,0,108
10026341,09-2022,2,Commercial,13,ROP,108,0,0,0,0,108
10023017,02-2024,1,Government,5,INF-KRY,0,108,0,0,0,108
10022769,06-2023,1,Government,10000159,DIRECT CLIENT,108,0,0,0,0,108
10022769,02-2023,1,Government,10000159,DIRECT CLIENT,108,0,0,0,0,108
10022194,06-2023,1,Government,2,PID(I),108,0,0,0,0,108
10022257,02-2024,1,Government,5,INF-KRY,0,108,0,0,0,108
10022257,04-2023,1,Government,5,INF-KRY,0,108,0,0,0,108
10028452,02-2022,2,Commercial,13,ROP,0,108,0,0,0,108
10027222,12-2022,2,Commercial,13,ROP,0,0,0,108,0,108
10027174,03-2023,2,Commercial,13,ROP,108,0,0,0,0,108
10030501,02-2024,2,Commercial,13,ROP,108,0,0,0,0,108
10030473,08-2023,1,Government,5,INF-KRY,108,0,0,0,0,108
10030486,08-2022,1,Government,5,INF-KRY,108,0,0,0,0,108
10030486,08-2023,1,Government,5,INF-KRY,108,0,0,0,0,108
10030637,04-2022,1,Government,10000159,DIRECT CLIENT,108,0,0,0,0,108
10028885,03-2022,2,Commercial,13,ROP,0,0,0,108,0,108
10029240,07-2023,1,Government,10000159,DIRECT CLIENT,108,0,0,0,0,108
10029240,12-2023,1,Government,10000159,DIRECT CLIENT,108,0,0,0,0,108
10029257,11-2023,1,Government,2,PID(I),0,108,0,0,0,108
10028885,08-2022,2,Commercial,13,ROP,108,0,0,0,0,108
10029076,12-2022,1,Government,2,PID(I),0,108,0,0,0,108
10029610,05-2023,1,Government,5,INF-KRY,108,0,0,0,0,108
10029969,04-2023,2,Commercial,13,ROP,108,0,0,0,0,108
10029967,06-2023,1,Government,5,INF-KRY,108,0,0,0,0,108
10030884,12-2022,2,Commercial,13,ROP,0,108,0,0,0,108
10030834,07-2023,20000001,Government Commercial,10000160,DIRECT CLIENT,0,108,0,0,0,108
10030812,01-2022,2,Commercial,13,ROP,0,108,0,0,0,108
10030812,02-2022,2,Commercial,13,ROP,0,108,0,0,0,108
623,10-2023,2,Commercial,13,ROP,106,0,0,0,0,106
583,05-2022,1,Government,5,INF-KRY,0,105,0,0,0,105
701,10-2022,1,Government,3,PID(K),0,105,0,0,0,105
363,01-2024,1,Government,5,INF-KRY,105,0,0,0,0,105
4377,07-2023,1,Government,5,INF-KRY,105,0,0,0,0,105
720,04-2022,20000001,Government Commercial,10000128,PID(K),0,105,0,0,0,105
757,12-2022,20000001,Government Commercial,10000128,PID(K),0,105,0,0,0,105
872,11-2022,1,Government,4,PID(L),0,0,0,105,0,105
10016263,02-2022,1,Government,5,INF-KRY,0,105,0,0,0,105
10018230,06-2023,1,Government,5,INF-KRY,105,0,0,0,0,105
10008913,05-2023,1,Government,5,INF-KRY,105,0,0,0,0,105
10008913,11-2023,1,Government,5,INF-KRY,105,0,0,0,0,105
10009902,02-2023,1,Government,5,INF-KRY,105,0,0,0,0,105
10009902,03-2022,1,Government,5,INF-KRY,105,0,0,0,0,105
10009918,02-2022,1,Government,5,INF-KRY,105,0,0,0,0,105
10009626,01-2022,1,Government,5,INF-KRY,105,0,0,0,0,105
10010631,03-2022,1,Government,5,INF-KRY,105,0,0,0,0,105
10014073,03-2022,1,Government,5,INF-KRY,0,105,0,0,0,105
10002600,12-2022,1,Government,5,INF-KRY,0,105,0,0,0,105
10006730,04-2023,1,Government,5,INF-KRY,105,0,0,0,0,105
10007177,02-2022,1,Government,5,INF-KRY,105,0,0,0,0,105
10029697,01-2022,1,Government,5,INF-KRY,105,0,0,0,0,105
10027201,10-2023,1,Government,5,INF-KRY,105,0,0,0,0,105
10028232,04-2023,1,Government,5,INF-KRY,0,105,0,0,0,105
10022769,12-2022,1,Government,5,INF-KRY,105,0,0,0,0,105
10023644,01-2023,1,Government,10000159,DIRECT CLIENT,105,0,0,0,0,105
10024828,03-2022,1,Government,5,INF-KRY,105,0,0,0,0,105
10023340,10-2022,1,Government,5,INF-KRY,104,0,0,0,0,104
10021949,01-2023,1,Government,5,INF-KRY,104,0,0,0,0,104
10030680,07-2023,1,Government,2,PID(I),0,104,0,0,0,104
10006785,02-2024,1,Government,5,INF-KRY,20,84,0,0,0,104
10000267,09-2022,1,Government,5,INF-KRY,0,104,0,0,0,104
757,02-2024,20000001,Government Commercial,10000128,PID(K),0,104,0,0,0,104
675,04-2022,1,Government,3,PID(K),48,0,0,56,0,104
611,07-2023,1,Government,10000159,DIRECT CLIENT,104,0,0,0,0,104
626,01-2022,1,Government,5,INF-KRY,103,0,0,0,0,103
594,04-2022,1,Government,5,INF-KRY,102,0,0,0,0,102
457,08-2022,1,Government,5,INF-KRY,0,0,0,102,0,102
739,10-2023,1,Government,3,PID(K),36,66,0,0,0,102
739,02-2024,1,Government,3,PID(K),0,102,0,0,0,102
10006065,05-2022,1,Government,5,INF-KRY,102,0,0,0,0,102
10006178,07-2022,1,Government,5,INF-KRY,102,0,0,0,0,102
10009911,08-2023,1,Government,5,INF-KRY,0,102,0,0,0,102
10021269,05-2023,1,Government,5,INF-KRY,102,0,0,0,0,102
10023017,11-2022,1,Government,5,INF-KRY,102,0,0,0,0,102
10023878,01-2022,20000001,Government Commercial,10000160,DIRECT CLIENT,0,102,0,0,0,102
427,02-2024,1,Government,5,INF-KRY,0,101,0,0,0,101
427,05-2023,1,Government,5,INF-KRY,100,0,0,0,0,100
376,03-2023,1,Government,5,INF-KRY,100,0,0,0,0,100
354,09-2022,1,Government,8,PID(H),0,100,0,0,0,100
302,09-2022,1,Government,5,INF-KRY,100,0,0,0,0,100
535,06-2023,1,Government,5,INF-KRY,0,100,0,0,0,100
591,08-2023,1,Government,5,INF-KRY,0,100,0,0,0,100
621,07-2022,1,Government,5,INF-KRY,100,0,0,0,0,100
575,06-2023,1,Government,10000159,DIRECT CLIENT,100,0,0,0,0,100
544,01-2023,1,Government,5,INF-KRY,100,0,0,0,0,100
629,10-2022,1,Government,5,INF-KRY,0,0,0,100,0,100
675,06-2022,1,Government,3,PID(K),76,24,0,0,0,100
676,10-2023,1,Government,10000159,DIRECT CLIENT,100,0,0,0,0,100
739,03-2022,1,Government,3,PID(K),34,66,0,0,0,100
742,07-2023,20000001,Government Commercial,10000128,PID(K),50,0,0,50,0,100
716,06-2023,1,Government,5,INF-KRY,40,60,0,0,0,100
754,06-2023,1,Government,3,PID(K),100,0,0,0,0,100
1662,03-2023,1,Government,2,PID(I),0,0,0,100,0,100
4416,07-2022,1,Government,2,PID(I),0,0,0,100,0,100
1731,08-2022,1,Government,2,PID(I),100,0,0,0,0,100
1713,07-2022,20000001,Government Commercial,10000160,DIRECT CLIENT,0,100,0,0,0,100
10021559,08-2023,1,Government,5,INF-KRY,100,0,0,0,0,100
10019468,05-2023,1,Government,5,INF-KRY,50,50,0,0,0,100
10016461,03-2023,1,Government,5,INF-KRY,0,100,0,0,0,100
10014491,06-2022,1,Government,3,PID(K),100,0,0,0,0,100
10014491,06-2023,20000001,Government Commercial,10000128,PID(K),40,60,0,0,0,100
10015177,06-2023,1,Government,5,INF-KRY,100,0,0,0,0,100
10009918,04-2023,1,Government,5,INF-KRY,100,0,0,0,0,100
10009918,05-2023,1,Government,5,INF-KRY,0,100,0,0,0,100
10014069,01-2023,1,Government,5,INF-KRY,100,0,0,0,0,100
10012081,05-2023,1,Government,5,INF-KRY,100,0,0,0,0,100
10010326,02-2023,1,Government,5,INF-KRY,0,100,0,0,0,100
10010998,01-2023,1,Government,5,INF-KRY,0,0,0,100,0,100
10010998,08-2023,1,Government,5,INF-KRY,0,0,0,100,0,100
10006178,02-2023,1,Government,5,INF-KRY,0,100,0,0,0,100
10004246,03-2023,1,Government,5,INF-KRY,100,0,0,0,0,100
10007319,02-2023,1,Government,5,INF-KRY,100,0,0,0,0,100
5240,06-2022,1,Government,3,PID(K),0,100,0,0,0,100
4558,11-2022,20000001,Government Commercial,10000128,PID(K),100,0,0,0,0,100
10024000,02-2022,1,Government,5,INF-KRY,100,0,0,0,0,100
10021949,02-2022,1,Government,5,INF-KRY,100,0,0,0,0,100
10022036,03-2023,1,Government,5,INF-KRY,100,0,0,0,0,100
10027205,07-2023,1,Government,5,INF-KRY,30,70,0,0,0,100
10027374,04-2022,1,Government,5,INF-KRY,100,0,0,0,0,100
10009367,01-2022,2,Commercial,13,ROP,99,0,0,0,0,99
626,07-2023,1,Government,5,INF-KRY,99,0,0,0,0,99
626,01-2023,1,Government,5,INF-KRY,98,0,0,0,0,98
660,11-2023,1,Government,10000159,DIRECT CLIENT,48,50,0,0,0,98
676,09-2023,1,Government,10000159,DIRECT CLIENT,98,0,0,0,0,98
520,04-2022,1,Government,5,INF-KRY,0,32,0,66,0,98
713,05-2022,20000001,Government Commercial,10000128,PID(K),24,74,0,0,0,98
10011105,12-2023,1,Government,5,INF-KRY,0,0,0,98,0,98
10012143,08-2023,1,Government,5,INF-KRY,48,50,0,0,0,98
10017102,01-2022,1,Government,5,INF-KRY,48,50,0,0,0,98
10016461,02-2023,1,Government,5,INF-KRY,98,0,0,0,0,98
10007371,08-2023,1,Government,5,INF-KRY,50,48,0,0,0,98
10007687,06-2023,1,Government,5,INF-KRY,96,0,0,0,0,96
10004650,02-2023,1,Government,5,INF-KRY,96,0,0,0,0,96
4532,06-2022,1,Government,5,INF-KRY,96,0,0,0,0,96
5294,03-2023,1,Government,5,INF-KRY,96,0,0,0,0,96
10002755,07-2023,1,Government,5,INF-KRY,0,0,0,96,0,96
10001019,11-2023,1,Government,5,INF-KRY,96,0,0,0,0,96
10016263,10-2022,1,Government,5,INF-KRY,96,0,0,0,0,96
10016208,12-2022,1,Government,5,INF-KRY,96,0,0,0,0,96
10011171,04-2022,1,Government,5,INF-KRY,96,0,0,0,0,96
10010744,08-2022,1,Government,5,INF-KRY,0,96,0,0,0,96
10010476,11-2022,1,Government,2,PID(I),0,0,0,96,0,96
10010365,05-2023,1,Government,5,INF-KRY,96,0,0,0,0,96
10009932,04-2023,1,Government,5,INF-KRY,96,0,0,0,0,96
10009932,01-2023,1,Government,5,INF-KRY,96,0,0,0,0,96
741,09-2022,20000001,Government Commercial,10000128,PID(K),0,96,0,0,0,96
1559,03-2022,1,Government,5,INF-KRY,96,0,0,0,0,96
754,09-2023,1,Government,3,PID(K),96,0,0,0,0,96
754,10-2022,1,Government,3,PID(K),0,96,0,0,0,96
1689,10-2023,20000001,Government Commercial,10000132,PID(I),96,0,0,0,0,96
4416,02-2023,1,Government,2,PID(I),0,96,0,0,0,96
4377,11-2023,1,Government,5,INF-KRY,96,0,0,0,0,96
1755,06-2022,1,Government,2,PID(I),96,0,0,0,0,96
4305,09-2023,1,Government,3,PID(K),60,36,0,0,0,96
535,07-2022,1,Government,5,INF-KRY,0,96,0,0,0,96
496,04-2023,1,Government,5,INF-KRY,50,0,0,46,0,96
354,03-2023,1,Government,8,PID(H),0,0,0,96,0,96
363,09-2023,1,Government,5,INF-KRY,96,0,0,0,0,96
428,11-2023,1,Government,5,INF-KRY,0,96,0,0,0,96
461,04-2023,1,Government,5,INF-KRY,96,0,0,0,0,96
698,01-2023,20000001,Government Commercial,10000128,PID(K),96,0,0,0,0,96
675,08-2023,1,Government,5,INF-KRY,96,0,0,0,0,96
675,03-2023,1,Government,3,PID(K),96,0,0,0,0,96
535,09-2022,1,Government,5,INF-KRY,0,96,0,0,0,96
10027402,10-2023,1,Government,10000159,DIRECT CLIENT,96,0,0,0,0,96
10030610,09-2022,1,Government,8,PID(H),48,0,0,48,0,96
10022635,11-2022,1,Government,5,INF-KRY,48,48,0,0,0,96
10023340,11-2022,1,Government,5,INF-KRY,66,30,0,0,0,96
10024828,07-2023,1,Government,5,INF-KRY,0,96,0,0,0,96
10030861,09-2022,20000001,Government Commercial,10000130,PID(H),48,48,0,0,0,96
10030891,03-2023,20000001,Government Commercial,10000130,PID(H),48,48,0,0,0,96
10026796,01-2022,1,Government,5,INF-KRY,94,0,0,0,0,94
10030637,11-2022,1,Government,10000159,DIRECT CLIENT,94,0,0,0,0,94
587,05-2022,1,Government,5,INF-KRY,0,54,0,40,0,94
4991,05-2022,2,Commercial,13,ROP,0,64,0,30,0,94
10000020,08-2022,1,Government,5,INF-KRY,0,32,0,60,0,92
10002600,05-2022,1,Government,5,INF-KRY,0,0,0,92,0,92
10007092,11-2023,1,Government,5,INF-KRY,92,0,0,0,0,92
10008957,05-2022,1,Government,5,INF-KRY,0,0,0,92,0,92
10010998,09-2022,1,Government,5,INF-KRY,0,92,0,0,0,92
10013969,12-2022,1,Government,10000159,DIRECT CLIENT,92,0,0,0,0,92
10021623,11-2022,1,Government,5,INF-KRY,0,92,0,0,0,92
476,02-2024,1,Government,5,INF-KRY,92,0,0,0,0,92
10028274,01-2024,1,Government,5,INF-KRY,78,0,0,14,0,92
661,01-2023,1,Government,5,INF-KRY,45,46,0,0,0,91
626,10-2022,1,Government,5,INF-KRY,91,0,0,0,0,91
10015177,02-2023,1,Government,5,INF-KRY,91,0,0,0,0,91
10014558,02-2024,1,Government,5,INF-KRY,90,0,0,0,0,90
10016203,01-2022,1,Government,5,INF-KRY,0,0,0,90,0,90
10017838,12-2022,1,Government,10000159,DIRECT CLIENT,90,0,0,0,0,90
10021569,01-2022,1,Government,5,INF-KRY,90,0,0,0,0,90
10018546,01-2023,1,Government,5,INF-KRY,90,0,0,0,0,90
10010290,01-2022,1,Government,5,INF-KRY,0,90,0,0,0,90
10009367,03-2023,2,Commercial,13,ROP,45,45,0,0,0,90
10009899,07-2023,1,Government,5,INF-KRY,90,0,0,0,0,90
10009899,08-2022,1,Government,5,INF-KRY,90,0,0,0,0,90
10007988,12-2023,1,Government,5,INF-KRY,90,0,0,0,0,90
10006178,10-2023,1,Government,5,INF-KRY,90,0,0,0,0,90
10006198,08-2022,1,Government,10000159,DIRECT CLIENT,90,0,0,0,0,90
10003241,10-2023,1,Government,5,INF-KRY,0,50,0,40,0,90
10001854,01-2022,1,Government,5,INF-KRY,90,0,0,0,0,90
10001049,02-2022,1,Government,10000159,DIRECT CLIENT,0,90,0,0,0,90
5072,10-2023,1,Government,3,PID(K),0,90,0,0,0,90
5073,07-2022,1,Government,10000159,DIRECT CLIENT,0,90,0,0,0,90
700,04-2022,1,Government,5,INF-KRY,90,0,0,0,0,90
591,05-2022,1,Government,5,INF-KRY,0,90,0,0,0,90
591,07-2023,1,Government,5,INF-KRY,90,0,0,0,0,90
585,01-2023,1,Government,5,INF-KRY,90,0,0,0,0,90
575,06-2022,1,Government,10000159,DIRECT CLIENT,90,0,0,0,0,90
595,08-2022,1,Government,5,INF-KRY,0,90,0,0,0,90
496,03-2023,1,Government,5,INF-KRY,90,0,0,0,0,90
487,08-2022,1,Government,5,INF-KRY,0,90,0,0,0,90
461,05-2023,1,Government,5,INF-KRY,90,0,0,0,0,90
417,11-2023,1,Government,5,INF-KRY,90,0,0,0,0,90
380,03-2023,1,Government,5,INF-KRY,90,0,0,0,0,90
4305,12-2022,1,Government,3,PID(K),60,30,0,0,0,90
4338,06-2022,20000001,Government Commercial,10000128,PID(K),36,54,0,0,0,90
1741,09-2023,1,Government,2,PID(I),90,0,0,0,0,90
4305,01-2023,1,Government,3,PID(K),0,90,0,0,0,90
4427,06-2023,1,Government,5,INF-KRY,0,90,0,0,0,90
746,10-2022,20000001,Government Commercial,10000128,PID(K),90,0,0,0,0,90
738,09-2023,1,Government,3,PID(K),90,0,0,0,0,90
739,08-2023,1,Government,3,PID(K),30,60,0,0,0,90
739,09-2023,1,Government,3,PID(K),0,90,0,0,0,90
740,04-2022,1,Government,3,PID(K),45,45,0,0,0,90
716,01-2024,1,Government,5,INF-KRY,90,0,0,0,0,90
716,11-2023,1,Government,5,INF-KRY,0,90,0,0,0,90
10028486,05-2023,1,Government,5,INF-KRY,0,90,0,0,0,90
10027374,03-2023,1,Government,5,INF-KRY,0,90,0,0,0,90
10027205,03-2022,1,Government,5,INF-KRY,60,30,0,0,0,90
10029818,09-2022,2,Commercial,13,ROP,0,0,0,90,0,90
10029290,09-2022,2,Commercial,13,ROP,0,0,0,90,0,90
10025116,05-2023,1,Government,5,INF-KRY,90,0,0,0,0,90
10024891,08-2023,1,Government,5,INF-KRY,0,90,0,0,0,90
10024891,02-2023,1,Government,5,INF-KRY,0,90,0,0,0,90
10024293,05-2022,1,Government,5,INF-KRY,90,0,0,0,0,90
10021878,06-2023,1,Government,5,INF-KRY,90,0,0,0,0,90
10021878,07-2023,1,Government,5,INF-KRY,90,0,0,0,0,90
10022259,06-2022,1,Government,5,INF-KRY,0,88,0,0,0,88
10030501,04-2023,2,Commercial,13,ROP,88,0,0,0,0,88
10030501,05-2023,2,Commercial,13,ROP,88,0,0,0,0,88
10030578,07-2023,20000001,Government Commercial,10000132,PID(I),88,0,0,0,0,88
713,08-2023,20000001,Government Commercial,10000128,PID(K),0,60,0,28,0,88
1657,05-2023,1,Government,2,PID(I),88,0,0,0,0,88
1730,06-2023,1,Government,2,PID(I),0,0,0,88,0,88
1731,01-2024,1,Government,2,PID(I),88,0,0,0,0,88
1731,02-2024,1,Government,2,PID(I),88,0,0,0,0,88
1673,03-2023,1,Government,2,PID(I),0,88,0,0,0,88
575,10-2022,1,Government,10000159,DIRECT CLIENT,88,0,0,0,0,88
675,10-2023,1,Government,3,PID(K),56,32,0,0,0,88
624,06-2023,1,Government,5,INF-KRY,88,0,0,0,0,88
10006992,04-2023,1,Government,5,INF-KRY,88,0,0,0,0,88
10010998,03-2023,1,Government,5,INF-KRY,88,0,0,0,0,88
10014558,03-2023,1,Government,5,INF-KRY,88,0,0,0,0,88
10015616,06-2023,1,Government,5,INF-KRY,88,0,0,0,0,88
575,02-2022,1,Government,5,INF-KRY,87,0,0,0,0,87
382,12-2022,1,Government,5,INF-KRY,87,0,0,0,0,87
1713,07-2023,20000001,Government Commercial,10000160,DIRECT CLIENT,0,87,0,0,0,87
586,02-2024,1,Government,5,INF-KRY,86,0,0,0,0,86
10001049,06-2023,1,Government,8,PID(H),0,86,0,0,0,86
10030523,06-2022,1,Government,5,INF-KRY,86,0,0,0,0,86
10027313,10-2022,1,Government,5,INF-KRY,40,46,0,0,0,86
10022257,04-2022,1,Government,5,INF-KRY,86,0,0,0,0,86
10023430,09-2022,1,Government,5,INF-KRY,86,0,0,0,0,86
10025638,04-2023,20000001,Government Commercial,10000130,PID(H),85,0,0,0,0,85
302,01-2023,1,Government,5,INF-KRY,85,0,0,0,0,85
363,11-2022,1,Government,5,INF-KRY,84,0,0,0,0,84
384,02-2023,1,Government,5,INF-KRY,84,0,0,0,0,84
376,04-2023,1,Government,5,INF-KRY,84,0,0,0,0,84
421,03-2023,1,Government,5,INF-KRY,0,84,0,0,0,84
575,04-2023,1,Government,10000159,DIRECT CLIENT,84,0,0,0,0,84
623,05-2022,2,Commercial,13,ROP,84,0,0,0,0,84
623,12-2023,2,Commercial,13,ROP,84,0,0,0,0,84
676,02-2024,1,Government,10000159,DIRECT CLIENT,84,0,0,0,0,84
689,08-2023,20000001,Government Commercial,10000128,PID(K),84,0,0,0,0,84
1721,02-2023,1,Government,2,PID(I),84,0,0,0,0,84
1767,03-2023,20000001,Government Commercial,10000132,PID(I),36,48,0,0,0,84
739,09-2022,1,Government,3,PID(K),0,84,0,0,0,84
739,01-2022,1,Government,3,PID(K),24,60,0,0,0,84
5372,12-2022,1,Government,5,INF-KRY,84,0,0,0,0,84
10004355,07-2023,1,Government,5,INF-KRY,0,84,0,0,0,84
10004487,07-2023,1,Government,5,INF-KRY,0,84,0,0,0,84
10003885,06-2023,1,Government,5,INF-KRY,0,84,0,0,0,84
10013306,06-2023,1,Government,5,INF-KRY,0,0,0,84,0,84
10025116,07-2023,1,Government,5,INF-KRY,84,0,0,0,0,84
10029818,01-2024,2,Commercial,13,ROP,0,0,0,84,0,84
10006178,09-2023,1,Government,5,INF-KRY,82,0,0,0,0,82
630,03-2023,1,Government,5,INF-KRY,82,0,0,0,0,82
623,06-2022,2,Commercial,13,ROP,82,0,0,0,0,82
624,09-2022,1,Government,5,INF-KRY,0,0,0,81,0,81
689,08-2022,20000001,Government Commercial,10000128,PID(K),0,81,0,0,0,81
746,02-2022,20000001,Government Commercial,10000128,PID(K),81,0,0,0,0,81
1613,01-2023,1,Government,2,PID(I),81,0,0,0,0,81
871,08-2023,20000001,Government Commercial,10000129,PID(L),81,0,0,0,0,81
4423,12-2022,1,Government,5,INF-KRY,81,0,0,0,0,81
10007319,01-2022,1,Government,5,INF-KRY,0,81,0,0,0,81
10010365,04-2023,1,Government,5,INF-KRY,81,0,0,0,0,81
10009909,01-2022,1,Government,5,INF-KRY,81,0,0,0,0,81
10009956,09-2022,2,Commercial,18,BUILDERS,0,81,0,0,0,81
10010168,06-2022,1,Government,5,INF-KRY,0,0,0,80,0,80
10013518,10-2022,1,Government,2,PID(I),0,0,0,80,0,80
10016203,03-2023,1,Government,5,INF-KRY,80,0,0,0,0,80
10018162,04-2022,1,Government,5,INF-KRY,80,0,0,0,0,80
10007254,10-2023,20000001,Government Commercial,10000130,PID(H),0,80,0,0,0,80
10006178,12-2023,1,Government,5,INF-KRY,0,80,0,0,0,80
10003651,12-2022,1,Government,2,PID(I),80,0,0,0,0,80
10005251,12-2022,20000001,Government Commercial,10000129,PID(L),80,0,0,0,0,80
5372,01-2024,1,Government,5,INF-KRY,80,0,0,0,0,80
5240,11-2022,1,Government,3,PID(K),80,0,0,0,0,80
10001049,10-2023,1,Government,8,PID(H),0,80,0,0,0,80
10001714,01-2022,1,Government,5,INF-KRY,80,0,0,0,0,80
4307,07-2022,1,Government,8,PID(H),0,80,0,0,0,80
4307,04-2023,1,Government,8,PID(H),80,0,0,0,0,80
1670,10-2023,1,Government,2,PID(I),0,80,0,0,0,80
1671,12-2022,1,Government,2,PID(I),0,80,0,0,0,80
1689,01-2023,20000001,Government Commercial,10000132,PID(I),0,80,0,0,0,80
754,06-2022,1,Government,3,PID(K),80,0,0,0,0,80
754,03-2022,1,Government,3,PID(K),80,0,0,0,0,80
1559,11-2023,1,Government,2,PID(I),80,0,0,0,0,80
749,11-2023,1,Government,5,INF-KRY,0,0,0,80,0,80
735,08-2023,1,Government,3,PID(K),80,0,0,0,0,80
703,03-2022,20000001,Government Commercial,10000128,PID(K),0,80,0,0,0,80
703,04-2022,20000001,Government Commercial,10000128,PID(K),0,80,0,0,0,80
595,02-2024,1,Government,5,INF-KRY,0,80,0,0,0,80
575,02-2024,1,Government,10000159,DIRECT CLIENT,80,0,0,0,0,80
575,07-2023,1,Government,10000159,DIRECT CLIENT,80,0,0,0,0,80
559,11-2022,1,Government,5,INF-KRY,0,80,0,0,0,80
407,01-2022,1,Government,5,INF-KRY,0,80,0,0,0,80
368,09-2023,1,Government,5,INF-KRY,0,80,0,0,0,80
354,03-2022,1,Government,8,PID(H),0,80,0,0,0,80
354,05-2023,1,Government,8,PID(H),0,80,0,0,0,80
-69645413,04-2022,1,Government,5,INF-KRY,40,40,0,0,0,80
507,02-2024,1,Government,5,INF-KRY,40,40,0,0,0,80
510,01-2024,1,Government,5,INF-KRY,80,0,0,0,0,80
511,06-2022,1,Government,8,PID(H),0,80,0,0,0,80
10030256,12-2023,1,Government,5,INF-KRY,80,0,0,0,0,80
10030501,01-2024,2,Commercial,13,ROP,80,0,0,0,0,80
10030578,09-2022,20000001,Government Commercial,10000132,PID(I),0,80,0,0,0,80
10030578,02-2024,20000001,Government Commercial,10000132,PID(I),0,0,0,80,0,80
10030578,06-2022,20000001,Government Commercial,10000132,PID(I),0,80,0,0,0,80
10023644,11-2023,1,Government,10000159,DIRECT CLIENT,80,0,0,0,0,80
10023644,12-2023,1,Government,10000159,DIRECT CLIENT,80,0,0,0,0,80
10023878,02-2024,20000001,Government Commercial,10000160,DIRECT CLIENT,40,40,0,0,0,80
10023962,02-2023,1,Government,5,INF-KRY,80,0,0,0,0,80
10022036,05-2022,1,Government,5,INF-KRY,80,0,0,0,0,80
10021949,09-2022,1,Government,5,INF-KRY,0,40,0,40,0,80
10022613,10-2023,1,Government,5,INF-KRY,78,0,0,0,0,78
10030456,09-2022,2,Commercial,13,ROP,78,0,0,0,0,78
510,09-2023,1,Government,5,INF-KRY,78,0,0,0,0,78
382,02-2022,1,Government,5,INF-KRY,78,0,0,0,0,78
586,05-2022,1,Government,5,INF-KRY,78,0,0,0,0,78
634,12-2022,1,Government,5,INF-KRY,78,0,0,0,0,78
746,06-2022,20000001,Government Commercial,10000128,PID(K),78,0,0,0,0,78
894,03-2023,20000001,Government Commercial,10000129,PID(L),54,24,0,0,0,78
4305,08-2023,1,Government,3,PID(K),48,30,0,0,0,78
4423,04-2022,1,Government,5,INF-KRY,78,0,0,0,0,78
5032,07-2022,2,Commercial,13,ROP,78,0,0,0,0,78
10003741,01-2023,1,Government,5,INF-KRY,78,0,0,0,0,78
10021752,05-2022,1,Government,5,INF-KRY,78,0,0,0,0,78
10009602,08-2023,1,Government,5,INF-KRY,78,0,0,0,0,78
10014558,09-2022,1,Government,5,INF-KRY,0,76,0,0,0,76
10003715,05-2022,1,Government,5,INF-KRY,0,0,0,76,0,76
10002600,04-2022,1,Government,5,INF-KRY,0,0,0,76,0,76
4387,04-2023,1,Government,5,INF-KRY,76,0,0,0,0,76
676,01-2024,1,Government,10000159,DIRECT CLIENT,76,0,0,0,0,76
536,10-2022,1,Government,5,INF-KRY,76,0,0,0,0,76
457,04-2022,1,Government,5,INF-KRY,56,20,0,0,0,76
302,10-2023,1,Government,5,INF-KRY,40,0,0,36,0,76
368,02-2024,1,Government,5,INF-KRY,36,40,0,0,0,76
10027313,08-2022,1,Government,5,INF-KRY,0,30,0,46,0,76
10021949,03-2022,1,Government,5,INF-KRY,76,0,0,0,0,76
10023878,10-2023,20000001,Government Commercial,10000160,DIRECT CLIENT,0,76,0,0,0,76
10023878,07-2023,20000001,Government Commercial,10000160,DIRECT CLIENT,0,76,0,0,0,76
10022685,04-2023,1,Government,5,INF-KRY,75,0,0,0,0,75
10028232,06-2023,1,Government,5,INF-KRY,0,75,0,0,0,75
10030578,01-2023,20000001,Government Commercial,10000132,PID(I),0,0,0,75,0,75
428,12-2023,1,Government,5,INF-KRY,0,75,0,0,0,75
386,09-2022,1,Government,5,INF-KRY,75,0,0,0,0,75
550,05-2023,1,Government,5,INF-KRY,0,75,0,0,0,75
586,04-2023,1,Government,5,INF-KRY,75,0,0,0,0,75
580,09-2022,1,Government,5,INF-KRY,0,75,0,0,0,75
611,02-2022,1,Government,5,INF-KRY,0,75,0,0,0,75
700,02-2023,1,Government,5,INF-KRY,75,0,0,0,0,75
4479,10-2022,1,Government,10000159,DIRECT CLIENT,75,0,0,0,0,75
4479,07-2023,1,Government,10000159,DIRECT CLIENT,75,0,0,0,0,75
4479,11-2023,1,Government,10000159,DIRECT CLIENT,75,0,0,0,0,75
4479,01-2024,1,Government,10000159,DIRECT CLIENT,75,0,0,0,0,75
4305,03-2022,1,Government,3,PID(K),75,0,0,0,0,75
4305,03-2023,1,Government,3,PID(K),75,0,0,0,0,75
1684,09-2022,1,Government,2,PID(I),0,0,0,75,0,75
1713,02-2024,20000001,Government Commercial,10000160,DIRECT CLIENT,0,75,0,0,0,75
871,07-2022,1,Government,4,PID(L),75,0,0,0,0,75
741,01-2022,20000001,Government Commercial,10000128,PID(K),75,0,0,0,0,75
730,06-2022,1,Government,3,PID(K),75,0,0,0,0,75
730,07-2023,1,Government,3,PID(K),0,75,0,0,0,75
5032,02-2023,2,Commercial,13,ROP,0,75,0,0,0,75
4479,12-2023,1,Government,10000159,DIRECT CLIENT,75,0,0,0,0,75
5252,03-2022,1,Government,5,INF-KRY,0,75,0,0,0,75
5238,08-2023,1,Government,5,INF-KRY,0,75,0,0,0,75
10003423,07-2023,1,Government,5,INF-KRY,75,0,0,0,0,75
10007319,12-2022,1,Government,5,INF-KRY,0,75,0,0,0,75
10007442,05-2022,1,Government,5,INF-KRY,75,0,0,0,0,75
10007780,10-2023,1,Government,5,INF-KRY,0,75,0,0,0,75
10006809,06-2023,1,Government,5,INF-KRY,39,36,0,0,0,75
10006730,05-2023,1,Government,5,INF-KRY,75,0,0,0,0,75
10006730,03-2022,1,Government,5,INF-KRY,75,0,0,0,0,75
10015177,12-2022,1,Government,5,INF-KRY,0,75,0,0,0,75
10021538,05-2023,1,Government,5,INF-KRY,0,75,0,0,0,75
10020401,03-2023,1,Government,5,INF-KRY,75,0,0,0,0,75
10019854,07-2023,1,Government,5,INF-KRY,0,75,0,0,0,75
10009628,07-2023,1,Government,5,INF-KRY,0,75,0,0,0,75
10009628,11-2022,1,Government,5,INF-KRY,0,75,0,0,0,75
10009887,11-2023,1,Government,5,INF-KRY,75,0,0,0,0,75
10010168,03-2022,1,Government,5,INF-KRY,75,0,0,0,0,75
10009911,02-2024,1,Government,5,INF-KRY,0,75,0,0,0,75
10012055,08-2023,1,Government,5,INF-KRY,75,0,0,0,0,75
10010168,08-2023,1,Government,5,INF-KRY,0,75,0,0,0,75
10011171,03-2022,1,Government,5,INF-KRY,0,75,0,0,0,75
10010115,07-2023,1,Government,5,INF-KRY,0,74,0,0,0,74
660,08-2023,1,Government,10000159,DIRECT CLIENT,74,0,0,0,0,74
623,02-2023,2,Commercial,13,ROP,74,0,0,0,0,74
496,02-2024,1,Government,5,INF-KRY,34,40,0,0,0,74
352,10-2023,1,Government,8,PID(H),0,0,0,72,0,72
354,02-2024,1,Government,8,PID(H),0,0,0,72,0,72
354,12-2023,1,Government,8,PID(H),72,0,0,0,0,72
611,03-2023,1,Government,8,PID(H),72,0,0,0,0,72
585,03-2022,1,Government,5,INF-KRY,72,0,0,0,0,72
587,02-2023,1,Government,5,INF-KRY,72,0,0,0,0,72
544,12-2022,1,Government,5,INF-KRY,0,72,0,0,0,72
634,01-2023,1,Government,5,INF-KRY,72,0,0,0,0,72
623,11-2023,2,Commercial,13,ROP,72,0,0,0,0,72
700,11-2023,1,Government,5,INF-KRY,72,0,0,0,0,72
758,11-2022,1,Government,3,PID(K),0,72,0,0,0,72
757,05-2023,20000001,Government Commercial,10000128,PID(K),72,0,0,0,0,72
1613,08-2023,1,Government,2,PID(I),0,0,0,72,0,72
1718,04-2023,20000001,Government Commercial,10000132,PID(I),0,0,0,72,0,72
1689,02-2023,20000001,Government Commercial,10000132,PID(I),72,0,0,0,0,72
4307,01-2024,20000001,Government Commercial,10000130,PID(H),72,0,0,0,0,72
4322,02-2023,20000001,Government Commercial,10000128,PID(K),0,72,0,0,0,72
10011276,09-2023,1,Government,3,PID(K),36,0,0,36,0,72
10011384,12-2023,1,Government,10000159,DIRECT CLIENT,72,0,0,0,0,72
10019405,07-2023,1,Government,5,INF-KRY,72,0,0,0,0,72
10006730,11-2023,1,Government,5,INF-KRY,32,40,0,0,0,72
10007059,04-2022,1,Government,5,INF-KRY,0,72,0,0,0,72
10007644,11-2023,1,Government,5,INF-KRY,0,72,0,0,0,72
10004693,01-2023,1,Government,5,INF-KRY,0,72,0,0,0,72
10006178,04-2022,1,Government,5,INF-KRY,72,0,0,0,0,72
10006203,06-2023,1,Government,5,INF-KRY,0,72,0,0,0,72
5100,01-2022,1,Government,2,PID(I),72,0,0,0,0,72
10001569,02-2022,2,Commercial,13,ROP,24,48,0,0,0,72
10030578,10-2023,20000001,Government Commercial,10000132,PID(I),0,0,0,72,0,72
10027556,05-2022,1,Government,5,INF-KRY,72,0,0,0,0,72
10028475,07-2022,1,Government,5,INF-KRY,0,72,0,0,0,72
10022769,08-2023,1,Government,5,INF-KRY,32,40,0,0,0,72
10022769,10-2023,1,Government,10000159,DIRECT CLIENT,72,0,0,0,0,72
10023644,01-2024,1,Government,10000159,DIRECT CLIENT,72,0,0,0,0,72
10023644,07-2023,1,Government,10000159,DIRECT CLIENT,72,0,0,0,0,72
10023310,11-2022,1,Government,5,INF-KRY,72,0,0,0,0,72
10022257,12-2022,1,Government,5,INF-KRY,0,72,0,0,0,72
10023878,02-2023,20000001,Government Commercial,10000160,DIRECT CLIENT,0,72,0,0,0,72
10024383,07-2022,1,Government,5,INF-KRY,0,72,0,0,0,72
10025798,06-2023,1,Government,5,INF-KRY,0,72,0,0,0,72
10030804,06-2023,20000001,Government Commercial,10000130,PID(H),72,0,0,0,0,72
10019133,07-2023,1,Government,5,INF-KRY,32,39,0,0,0,71
10019241,01-2023,1,Government,5,INF-KRY,0,70,0,0,0,70
10011105,05-2023,1,Government,5,INF-KRY,70,0,0,0,0,70
10011200,07-2022,1,Government,5,INF-KRY,70,0,0,0,0,70
10010575,05-2022,1,Government,5,INF-KRY,0,70,0,0,0,70
10006203,12-2023,1,Government,5,INF-KRY,0,70,0,0,0,70
1662,05-2023,1,Government,2,PID(I),0,70,0,0,0,70
749,12-2022,1,Government,3,PID(K),70,0,0,0,0,70
689,09-2022,20000001,Government Commercial,10000128,PID(K),70,0,0,0,0,70
624,05-2022,1,Government,5,INF-KRY,70,0,0,0,0,70
674,07-2022,1,Government,3,PID(K),40,30,0,0,0,70
575,03-2022,1,Government,5,INF-KRY,70,0,0,0,0,70
483,07-2023,1,Government,5,INF-KRY,0,70,0,0,0,70
10024404,04-2022,1,Government,5,INF-KRY,70,0,0,0,0,70
10023878,09-2023,20000001,Government Commercial,10000160,DIRECT CLIENT,0,70,0,0,0,70
10027201,02-2023,1,Government,5,INF-KRY,70,0,0,0,0,70
10026796,09-2022,1,Government,5,INF-KRY,34,36,0,0,0,70
10030637,04-2023,1,Government,10000159,DIRECT CLIENT,10,60,0,0,0,70
10027402,08-2023,1,Government,10000159,DIRECT CLIENT,69,0,0,0,0,69
10024133,01-2022,1,Government,10000159,DIRECT CLIENT,69,0,0,0,0,69
10024891,12-2023,1,Government,5,INF-KRY,69,0,0,0,0,69
480,11-2023,1,Government,5,INF-KRY,69,0,0,0,0,69
452,04-2022,1,Government,5,INF-KRY,69,0,0,0,0,69
587,04-2023,1,Government,5,INF-KRY,69,0,0,0,0,69
4330,07-2022,1,Government,5,INF-KRY,0,69,0,0,0,69
10006809,12-2022,1,Government,5,INF-KRY,69,0,0,0,0,69
10001714,03-2022,1,Government,5,INF-KRY,69,0,0,0,0,69
10014070,06-2022,1,Government,5,INF-KRY,0,0,0,69,0,69
10015332,11-2022,20000001,Government Commercial,10000128,PID(K),0,68,0,0,0,68
10001049,01-2024,1,Government,8,PID(H),20,48,0,0,0,68
4558,04-2022,20000001,Government Commercial,10000128,PID(K),68,0,0,0,0,68
4377,05-2022,1,Government,5,INF-KRY,0,68,0,0,0,68
1721,10-2023,1,Government,2,PID(I),68,0,0,0,0,68
391,06-2023,1,Government,10000159,DIRECT CLIENT,68,0,0,0,0,68
10025638,02-2023,20000001,Government Commercial,10000130,PID(H),68,0,0,0,0,68
10022769,01-2022,1,Government,5,INF-KRY,68,0,0,0,0,68
10029967,10-2023,1,Government,5,INF-KRY,0,0,0,68,0,68
10030891,02-2023,20000001,Government Commercial,10000130,PID(H),0,68,0,0,0,68
10030578,05-2023,20000001,Government Commercial,10000132,PID(I),66,0,0,0,0,66
10030578,06-2023,20000001,Government Commercial,10000132,PID(I),0,0,0,66,0,66
10026796,08-2023,1,Government,5,INF-KRY,66,0,0,0,0,66
10028360,11-2023,1,Government,5,INF-KRY,66,0,0,0,0,66
10028475,01-2023,1,Government,5,INF-KRY,66,0,0,0,0,66
10027890,05-2023,2,Commercial,13,ROP,0,0,0,66,0,66
10022537,04-2022,1,Government,5,INF-KRY,66,0,0,0,0,66
10021949,06-2022,1,Government,5,INF-KRY,36,30,0,0,0,66
10023962,07-2022,1,Government,5,INF-KRY,66,0,0,0,0,66
411,11-2023,1,Government,5,INF-KRY,0,66,0,0,0,66
484,05-2022,1,Government,5,INF-KRY,66,0,0,0,0,66
478,09-2022,1,Government,5,INF-KRY,66,0,0,0,0,66
520,04-2022,1,Government,10000159,DIRECT CLIENT,66,0,0,0,0,66
520,09-2022,1,Government,10000159,DIRECT CLIENT,66,0,0,0,0,66
580,07-2023,1,Government,5,INF-KRY,0,66,0,0,0,66
579,02-2023,1,Government,5,INF-KRY,66,0,0,0,0,66
565,05-2023,1,Government,5,INF-KRY,66,0,0,0,0,66
622,08-2022,1,Government,5,INF-KRY,0,66,0,0,0,66
674,09-2023,1,Government,3,PID(K),66,0,0,0,0,66
1689,08-2022,20000001,Government Commercial,10000132,PID(I),0,66,0,0,0,66
1670,03-2022,1,Government,2,PID(I),0,66,0,0,0,66
4479,02-2024,1,Government,10000159,DIRECT CLIENT,66,0,0,0,0,66
4305,05-2023,1,Government,3,PID(K),0,66,0,0,0,66
4305,06-2023,1,Government,3,PID(K),36,30,0,0,0,66
741,04-2022,20000001,Government Commercial,10000128,PID(K),0,66,0,0,0,66
755,09-2022,20000001,Government Commercial,10000128,PID(K),66,0,0,0,0,66
10000227,05-2023,1,Government,3,PID(K),66,0,0,0,0,66
10000513,11-2023,1,Government,5,INF-KRY,66,0,0,0,0,66
10006953,10-2022,1,Government,5,INF-KRY,66,0,0,0,0,66
10006730,09-2023,1,Government,5,INF-KRY,36,30,0,0,0,66
10006730,06-2022,1,Government,5,INF-KRY,32,34,0,0,0,66
10008330,12-2022,1,Government,5,INF-KRY,0,66,0,0,0,66
10018390,12-2022,1,Government,5,INF-KRY,66,0,0,0,0,66
10021503,07-2023,1,Government,5,INF-KRY,66,0,0,0,0,66
10013440,09-2022,1,Government,5,INF-KRY,36,30,0,0,0,66
10009703,01-2022,1,Government,5,INF-KRY,30,36,0,0,0,66
10009602,12-2023,1,Government,5,INF-KRY,0,66,0,0,0,66
10008973,07-2022,1,Government,5,INF-KRY,0,66,0,0,0,66
10008631,04-2022,1,Government,5,INF-KRY,0,66,0,0,0,66
527,07-2023,1,Government,5,INF-KRY,65,0,0,0,0,65
456,07-2023,1,Government,5,INF-KRY,0,65,0,0,0,65
384,09-2022,1,Government,5,INF-KRY,0,0,0,64,0,64
380,04-2022,1,Government,5,INF-KRY,30,34,0,0,0,64
351,10-2023,1,Government,5,INF-KRY,64,0,0,0,0,64
626,02-2023,1,Government,5,INF-KRY,64,0,0,0,0,64
675,04-2023,1,Government,3,PID(K),0,64,0,0,0,64
623,05-2023,2,Commercial,13,ROP,64,0,0,0,0,64
580,10-2023,1,Government,5,INF-KRY,0,64,0,0,0,64
894,10-2023,20000001,Government Commercial,10000129,PID(L),0,64,0,0,0,64
4296,09-2023,1,Government,5,INF-KRY,0,64,0,0,0,64
4322,02-2024,20000001,Government Commercial,10000128,PID(K),64,0,0,0,0,64
4409,05-2023,1,Government,5,INF-KRY,0,64,0,0,0,64
10009067,09-2022,1,Government,5,INF-KRY,64,0,0,0,0,64
10010998,04-2022,1,Government,5,INF-KRY,64,0,0,0,0,64
10021569,05-2023,1,Government,5,INF-KRY,0,64,0,0,0,64
10021623,09-2022,1,Government,5,INF-KRY,0,0,0,64,0,64
10020500,05-2023,1,Government,5,INF-KRY,0,64,0,0,0,64
10015000,02-2022,20000001,Government Commercial,10000160,DIRECT CLIENT,0,0,0,64,0,64
10007684,03-2022,1,Government,5,INF-KRY,64,0,0,0,0,64
10007584,04-2023,1,Government,5,INF-KRY,64,0,0,0,0,64
10006810,06-2022,1,Government,5,INF-KRY,64,0,0,0,0,64
10003757,06-2023,1,Government,5,INF-KRY,64,0,0,0,0,64
10000513,11-2022,1,Government,5,INF-KRY,64,0,0,0,0,64
10000267,10-2022,1,Government,5,INF-KRY,0,0,0,64,0,64
5240,10-2023,1,Government,3,PID(K),0,64,0,0,0,64
5294,08-2023,1,Government,5,INF-KRY,0,64,0,0,0,64
10025116,05-2022,1,Government,5,INF-KRY,0,64,0,0,0,64
10024873,12-2022,1,Government,5,INF-KRY,64,0,0,0,0,64
10022118,06-2022,1,Government,5,INF-KRY,0,64,0,0,0,64
10022407,06-2022,1,Government,5,INF-KRY,64,0,0,0,0,64
10027434,06-2023,1,Government,10000159,DIRECT CLIENT,64,0,0,0,0,64
10027313,06-2023,1,Government,5,INF-KRY,0,64,0,0,0,64
10030523,06-2023,1,Government,5,INF-KRY,0,64,0,0,0,64
10030637,02-2024,1,Government,10000159,DIRECT CLIENT,64,0,0,0,0,64
10030637,12-2023,1,Government,10000159,DIRECT CLIENT,64,0,0,0,0,64
10030138,10-2023,1,Government,5,INF-KRY,64,0,0,0,0,64
10001569,06-2023,2,Commercial,13,ROP,18,45,0,0,0,63
742,11-2022,20000001,Government Commercial,10000128,PID(K),33,30,0,0,0,63
575,09-2022,1,Government,10000159,DIRECT CLIENT,62,0,0,0,0,62
10030312,02-2024,2,Commercial,13,ROP,0,62,0,0,0,62
10027205,02-2022,1,Government,5,INF-KRY,42,20,0,0,0,62
10002409,10-2022,1,Government,5,INF-KRY,61,0,0,0,0,61
10002473,03-2023,2,Commercial,13,ROP,60,0,0,0,0,60
10002473,04-2023,2,Commercial,13,ROP,60,0,0,0,0,60
10003472,12-2023,1,Government,10000159,DIRECT CLIENT,60,0,0,0,0,60
10001605,06-2022,1,Government,5,INF-KRY,0,0,0,60,0,60
10001816,10-2023,2,Commercial,13,ROP,60,0,0,0,0,60
10000429,07-2023,2,Commercial,13,ROP,0,0,0,60,0,60
10000429,03-2022,2,Commercial,13,ROP,0,0,0,60,0,60
10000429,04-2022,2,Commercial,13,ROP,0,0,0,60,0,60
10001150,08-2022,1,Government,2,PID(I),60,0,0,0,0,60
10001569,03-2023,2,Commercial,13,ROP,0,60,0,0,0,60
5369,02-2024,2,Commercial,13,ROP,0,60,0,0,0,60
5178,11-2022,1,Government,3,PID(K),0,60,0,0,0,60
5223,09-2022,2,Commercial,13,ROP,0,0,0,60,0,60
10000313,12-2023,1,Government,10000159,DIRECT CLIENT,60,0,0,0,0,60
10000020,12-2022,1,Government,5,INF-KRY,0,30,0,30,0,60
4577,04-2022,2,Commercial,13,ROP,0,60,0,0,0,60
4793,10-2023,2,Commercial,13,ROP,60,0,0,0,0,60
4870,03-2022,2,Commercial,13,ROP,0,60,0,0,0,60
4688,01-2022,2,Commercial,13,ROP,0,60,0,0,0,60
4688,01-2023,2,Commercial,13,ROP,0,60,0,0,0,60
4688,04-2023,2,Commercial,13,ROP,0,60,0,0,0,60
4688,10-2022,2,Commercial,13,ROP,0,60,0,0,0,60
4688,10-2023,2,Commercial,13,ROP,0,60,0,0,0,60
4991,04-2022,2,Commercial,13,ROP,0,0,0,60,0,60
10004278,06-2023,1,Government,10000159,DIRECT CLIENT,0,0,0,60,0,60
10005260,07-2022,1,Government,3,PID(K),40,20,0,0,0,60
10006065,05-2023,1,Government,5,INF-KRY,60,0,0,0,0,60
10006392,03-2022,1,Government,8,PID(H),0,60,0,0,0,60
10006203,11-2022,1,Government,5,INF-KRY,60,0,0,0,0,60
10006809,08-2022,1,Government,5,INF-KRY,0,30,0,30,0,60
10006730,10-2023,1,Government,5,INF-KRY,30,30,0,0,0,60
10006951,05-2022,1,Government,5,INF-KRY,60,0,0,0,0,60
10007177,06-2022,1,Government,5,INF-KRY,0,60,0,0,0,60
10007254,02-2024,20000001,Government Commercial,10000130,PID(H),0,60,0,0,0,60
10007442,01-2022,1,Government,5,INF-KRY,60,0,0,0,0,60
10007644,06-2023,1,Government,5,INF-KRY,0,60,0,0,0,60
10007367,05-2022,1,Government,5,INF-KRY,0,60,0,0,0,60
10008033,06-2022,1,Government,5,INF-KRY,0,60,0,0,0,60
10007988,11-2022,1,Government,10000159,DIRECT CLIENT,0,0,0,60,0,60
10008080,08-2023,2,Commercial,13,ROP,60,0,0,0,0,60
10008554,01-2022,2,Commercial,14,EDUCATION,60,0,0,0,0,60
10008554,01-2023,2,Commercial,14,EDUCATION,60,0,0,0,0,60
10008554,12-2023,2,Commercial,14,EDUCATION,60,0,0,0,0,60
10014491,10-2023,20000001,Government Commercial,10000128,PID(K),0,60,0,0,0,60
10015000,08-2022,20000001,Government Commercial,10000160,DIRECT CLIENT,0,0,0,60,0,60
10014491,07-2023,20000001,Government Commercial,10000128,PID(K),0,60,0,0,0,60
10014491,08-2022,1,Government,3,PID(K),60,0,0,0,0,60
10014491,08-2023,20000001,Government Commercial,10000128,PID(K),0,60,0,0,0,60
10014491,02-2022,1,Government,3,PID(K),60,0,0,0,0,60
10014491,02-2023,1,Government,3,PID(K),0,60,0,0,0,60
10014491,03-2023,1,Government,3,PID(K),0,60,0,0,0,60
10014491,04-2023,1,Government,3,PID(K),0,60,0,0,0,60
10015332,10-2022,20000001,Government Commercial,10000128,PID(K),0,60,0,0,0,60
10016203,05-2022,1,Government,5,INF-KRY,60,0,0,0,0,60
10018000,05-2022,2,Commercial,14,EDUCATION,0,60,0,0,0,60
10016847,11-2022,20000001,Government Commercial,10000128,PID(K),0,60,0,0,0,60
10021844,03-2023,1,Government,5,INF-KRY,60,0,0,0,0,60
10021844,05-2023,1,Government,5,INF-KRY,60,0,0,0,0,60
10011086,06-2022,1,Government,5,INF-KRY,0,60,0,0,0,60
10011107,12-2023,1,Government,10000159,DIRECT CLIENT,60,0,0,0,0,60
10011105,09-2023,1,Government,5,INF-KRY,60,0,0,0,0,60
10010667,07-2023,1,Government,5,INF-KRY,0,60,0,0,0,60
10014061,04-2023,2,Commercial,13,ROP,60,0,0,0,0,60
10011189,08-2023,2,Commercial,13,ROP,60,0,0,0,0,60
10011200,06-2023,1,Government,5,INF-KRY,60,0,0,0,0,60
10012422,01-2022,1,Government,5,INF-KRY,60,0,0,0,0,60
10012096,12-2022,2,Commercial,13,ROP,0,60,0,0,0,60
10009348,03-2023,2,Commercial,13,ROP,60,0,0,0,0,60
10008631,08-2023,1,Government,5,INF-KRY,0,60,0,0,0,60
10008973,01-2022,1,Government,5,INF-KRY,0,60,0,0,0,60
10008973,05-2022,1,Government,5,INF-KRY,60,0,0,0,0,60
10009589,05-2022,1,Government,8,PID(H),60,0,0,0,0,60
10009920,01-2022,1,Government,5,INF-KRY,0,60,0,0,0,60
10009898,02-2022,1,Government,5,INF-KRY,0,60,0,0,0,60
579,12-2023,1,Government,5,INF-KRY,60,0,0,0,0,60
586,03-2022,1,Government,5,INF-KRY,60,0,0,0,0,60
544,06-2022,1,Government,5,INF-KRY,0,60,0,0,0,60
623,02-2022,2,Commercial,13,ROP,60,0,0,0,0,60
618,01-2023,1,Government,5,INF-KRY,0,0,0,60,0,60
611,03-2023,1,Government,10000159,DIRECT CLIENT,60,0,0,0,0,60
595,09-2023,1,Government,5,INF-KRY,0,60,0,0,0,60
588,10-2023,1,Government,5,INF-KRY,60,0,0,0,0,60
675,02-2023,1,Government,3,PID(K),60,0,0,0,0,60
688,12-2023,1,Government,3,PID(K),60,0,0,0,0,60
686,11-2023,1,Government,3,PID(K),60,0,0,0,0,60
626,08-2022,1,Government,5,INF-KRY,60,0,0,0,0,60
634,01-2024,1,Government,5,INF-KRY,0,60,0,0,0,60
351,02-2022,1,Government,5,INF-KRY,60,0,0,0,0,60
305,06-2022,1,Government,5,INF-KRY,60,0,0,0,0,60
302,03-2023,1,Government,5,INF-KRY,0,60,0,0,0,60
359,12-2022,1,Government,8,PID(H),0,60,0,0,0,60
354,08-2023,1,Government,8,PID(H),60,0,0,0,0,60
368,05-2023,1,Government,5,INF-KRY,0,60,0,0,0,60
376,02-2022,1,Government,5,INF-KRY,60,0,0,0,0,60
391,11-2023,1,Government,10000159,DIRECT CLIENT,60,0,0,0,0,60
427,02-2022,1,Government,5,INF-KRY,0,60,0,0,0,60
522,08-2022,1,Government,10000159,DIRECT CLIENT,60,0,0,0,0,60
528,08-2023,1,Government,5,INF-KRY,0,60,0,0,0,60
514,07-2023,1,Government,5,INF-KRY,60,0,0,0,0,60
520,02-2022,1,Government,5,INF-KRY,60,0,0,0,0,60
510,04-2023,1,Government,5,INF-KRY,60,0,0,0,0,60
511,02-2023,1,Government,8,PID(H),60,0,0,0,0,60
476,06-2022,1,Government,5,INF-KRY,0,60,0,0,0,60
476,08-2022,1,Government,5,INF-KRY,0,0,0,60,0,60
484,06-2022,1,Government,5,INF-KRY,0,60,0,0,0,60
480,03-2022,1,Government,10000159,DIRECT CLIENT,0,60,0,0,0,60
484,02-2022,1,Government,5,INF-KRY,60,0,0,0,0,60
507,07-2023,1,Government,5,INF-KRY,0,60,0,0,0,60
724,08-2023,1,Government,10000159,DIRECT CLIENT,60,0,0,0,0,60
734,10-2023,20000001,Government Commercial,10000128,PID(K),60,0,0,0,0,60
705,11-2023,1,Government,10000159,DIRECT CLIENT,60,0,0,0,0,60
715,04-2022,1,Government,10000159,DIRECT CLIENT,60,0,0,0,0,60
715,06-2023,1,Government,10000159,DIRECT CLIENT,60,0,0,0,0,60
758,09-2023,1,Government,3,PID(K),0,60,0,0,0,60
1573,06-2023,20000001,Government Commercial,10000132,PID(I),0,0,0,60,0,60
4423,03-2023,1,Government,10000159,DIRECT CLIENT,60,0,0,0,0,60
4384,01-2024,1,Government,5,INF-KRY,0,0,0,60,0,60
4423,06-2022,1,Government,5,INF-KRY,60,0,0,0,0,60
4426,03-2023,1,Government,5,INF-KRY,0,60,0,0,0,60
1743,07-2023,20000001,Government Commercial,10000132,PID(I),0,60,0,0,0,60
1749,10-2023,1,Government,2,PID(I),60,0,0,0,0,60
1721,12-2022,1,Government,2,PID(I),60,0,0,0,0,60
1731,08-2023,1,Government,2,PID(I),60,0,0,0,0,60
1731,11-2022,1,Government,2,PID(I),60,0,0,0,0,60
10027402,10-2022,1,Government,10000159,DIRECT CLIENT,60,0,0,0,0,60
10027358,06-2022,1,Government,5,INF-KRY,0,60,0,0,0,60
10027201,01-2024,1,Government,5,INF-KRY,60,0,0,0,0,60
10027159,01-2023,1,Government,5,INF-KRY,0,60,0,0,0,60
10027425,04-2023,2,Commercial,13,ROP,0,0,0,60,0,60
10027556,03-2022,1,Government,5,INF-KRY,24,36,0,0,0,60
10028213,07-2023,1,Government,5,INF-KRY,60,0,0,0,0,60
10028274,08-2022,1,Government,5,INF-KRY,0,60,0,0,0,60
10028731,01-2024,2,Commercial,10000165,Political Ad,60,0,0,0,0,60
10028797,01-2022,2,Commercial,18,BUILDERS,0,0,0,60,0,60
10030464,02-2024,2,Commercial,14,EDUCATION,0,0,0,60,0,60
10029818,10-2022,2,Commercial,13,ROP,0,0,0,60,0,60
10029608,09-2023,2,Commercial,13,ROP,60,0,0,0,0,60
10028944,07-2022,2,Commercial,13,ROP,0,0,0,60,0,60
10028817,10-2023,1,Government,5,INF-KRY,60,0,0,0,0,60
10028806,08-2022,1,Government,10000159,DIRECT CLIENT,60,0,0,0,0,60
10030715,11-2023,2,Commercial,14,EDUCATION,60,0,0,0,0,60
10030629,04-2022,2,Commercial,13,ROP,60,0,0,0,0,60
10030637,03-2022,1,Government,10000159,DIRECT CLIENT,60,0,0,0,0,60
10030623,02-2024,2,Commercial,13,ROP,60,0,0,0,0,60
10030456,07-2022,2,Commercial,13,ROP,60,0,0,0,0,60
10030578,09-2023,20000001,Government Commercial,10000132,PID(I),0,0,0,60,0,60
10021978,05-2023,1,Government,5,INF-KRY,0,0,0,60,0,60
10021949,10-2022,1,Government,5,INF-KRY,0,60,0,0,0,60
10021949,12-2023,1,Government,5,INF-KRY,60,0,0,0,0,60
10021949,07-2022,1,Government,5,INF-KRY,30,30,0,0,0,60
10021921,07-2023,1,Government,5,INF-KRY,60,0,0,0,0,60
10023310,12-2022,1,Government,5,INF-KRY,60,0,0,0,0,60
10023158,04-2023,1,Government,5,INF-KRY,60,0,0,0,0,60
10023644,02-2024,1,Government,10000159,DIRECT CLIENT,60,0,0,0,0,60
10023430,07-2023,1,Government,5,INF-KRY,0,60,0,0,0,60
10025937,03-2023,2,Commercial,13,ROP,0,0,0,60,0,60
10025937,04-2023,2,Commercial,13,ROP,0,0,0,60,0,60
10025937,10-2023,2,Commercial,13,ROP,0,0,0,60,0,60
10023919,01-2022,1,Government,5,INF-KRY,60,0,0,0,0,60
10023644,10-2023,1,Government,10000159,DIRECT CLIENT,60,0,0,0,0,60
10030834,06-2022,20000001,Government Commercial,10000130,PID(H),60,0,0,0,0,60
10030804,07-2023,20000001,Government Commercial,10000130,PID(H),60,0,0,0,0,60
10030804,10-2023,20000001,Government Commercial,10000130,PID(H),0,60,0,0,0,60
573069839,05-2023,1,Government,10000159,DIRECT CLIENT,60,0,0,0,0,60
573069839,11-2022,1,Government,10000159,DIRECT CLIENT,60,0,0,0,0,60
4479,05-2023,1,Government,10000159,DIRECT CLIENT,58,0,0,0,0,58
734,05-2023,20000001,Government Commercial,10000128,PID(K),0,58,0,0,0,58
10009886,10-2022,1,Government,5,INF-KRY,57,0,0,0,0,57
10001714,04-2022,1,Government,5,INF-KRY,57,0,0,0,0,57
10028717,02-2024,2,Commercial,10000165,Political Ad,57,0,0,0,0,57
10027358,11-2022,1,Government,5,INF-KRY,0,56,0,0,0,56
10026619,06-2022,1,Government,5,INF-KRY,56,0,0,0,0,56
10023644,09-2023,1,Government,10000159,DIRECT CLIENT,56,0,0,0,0,56
10030891,04-2023,20000001,Government Commercial,10000130,PID(H),0,56,0,0,0,56
10001714,12-2022,1,Government,5,INF-KRY,56,0,0,0,0,56
10000609,08-2023,20000001,Government Commercial,10000128,PID(K),0,28,0,28,0,56
10000020,08-2023,1,Government,5,INF-KRY,56,0,0,0,0,56
10003863,01-2022,1,Government,5,INF-KRY,0,56,0,0,0,56
10009343,07-2023,1,Government,5,INF-KRY,0,56,0,0,0,56
10018906,04-2022,1,Government,10000159,DIRECT CLIENT,0,56,0,0,0,56
10018546,10-2023,1,Government,5,INF-KRY,56,0,0,0,0,56
4394,09-2022,1,Government,5,INF-KRY,56,0,0,0,0,56
4322,10-2023,20000001,Government Commercial,10000128,PID(K),56,0,0,0,0,56
482,04-2023,1,Government,5,INF-KRY,0,56,0,0,0,56
510,08-2023,1,Government,5,INF-KRY,56,0,0,0,0,56
413,05-2022,1,Government,5,INF-KRY,56,0,0,0,0,56
452,07-2023,1,Government,5,INF-KRY,56,0,0,0,0,56
354,10-2022,1,Government,8,PID(H),0,0,0,56,0,56
698,06-2023,20000001,Government Commercial,10000128,PID(K),56,0,0,0,0,56
611,02-2024,1,Government,10000159,DIRECT CLIENT,56,0,0,0,0,56
580,12-2022,1,Government,5,INF-KRY,0,56,0,0,0,56
587,11-2022,1,Government,5,INF-KRY,56,0,0,0,0,56
579,09-2022,1,Government,5,INF-KRY,54,0,0,0,0,54
578,07-2022,1,Government,5,INF-KRY,0,54,0,0,0,54
617,08-2022,1,Government,5,INF-KRY,54,0,0,0,0,54
703,04-2023,20000001,Government Commercial,10000128,PID(K),54,0,0,0,0,54
700,08-2022,1,Government,5,INF-KRY,28,26,0,0,0,54
635,01-2022,1,Government,5,INF-KRY,54,0,0,0,0,54
629,05-2023,1,Government,5,INF-KRY,0,54,0,0,0,54
382,01-2022,1,Government,5,INF-KRY,54,0,0,0,0,54
384,06-2023,1,Government,5,INF-KRY,54,0,0,0,0,54
510,07-2023,1,Government,5,INF-KRY,54,0,0,0,0,54
510,10-2023,1,Government,5,INF-KRY,54,0,0,0,0,54
528,10-2022,1,Government,5,INF-KRY,54,0,0,0,0,54
1774,06-2023,20000001,Government Commercial,10000129,PID(L),54,0,0,0,0,54
4305,01-2024,1,Government,3,PID(K),0,54,0,0,0,54
1721,12-2023,1,Government,2,PID(I),54,0,0,0,0,54
1684,01-2023,1,Government,2,PID(I),0,0,0,54,0,54
716,01-2022,1,Government,5,INF-KRY,54,0,0,0,0,54
741,11-2022,20000001,Government Commercial,10000128,PID(K),0,54,0,0,0,54
894,02-2023,20000001,Government Commercial,10000129,PID(L),54,0,0,0,0,54
10021269,03-2022,1,Government,5,INF-KRY,30,24,0,0,0,54
10021843,01-2023,1,Government,5,INF-KRY,0,54,0,0,0,54
10016638,01-2024,1,Government,5,INF-KRY,54,0,0,0,0,54
10015332,01-2024,20000001,Government Commercial,10000128,PID(K),54,0,0,0,0,54
10014834,07-2023,1,Government,5,INF-KRY,54,0,0,0,0,54
10009343,08-2023,1,Government,5,INF-KRY,54,0,0,0,0,54
10009056,04-2023,20000001,Government Commercial,10000129,PID(L),54,0,0,0,0,54
10009056,05-2023,20000001,Government Commercial,10000129,PID(L),54,0,0,0,0,54
10008631,03-2023,1,Government,5,INF-KRY,54,0,0,0,0,54
10008813,07-2022,1,Government,5,INF-KRY,0,54,0,0,0,54
10009932,02-2022,1,Government,5,INF-KRY,54,0,0,0,0,54
10009886,03-2023,1,Government,5,INF-KRY,54,0,0,0,0,54
10012374,08-2023,1,Government,5,INF-KRY,0,54,0,0,0,54
10012049,10-2023,1,Government,5,INF-KRY,24,0,0,30,0,54
10012049,12-2023,1,Government,5,INF-KRY,54,0,0,0,0,54
10013969,06-2022,1,Government,5,INF-KRY,54,0,0,0,0,54
10007780,03-2023,1,Government,5,INF-KRY,0,54,0,0,0,54
4793,09-2023,2,Commercial,13,ROP,54,0,0,0,0,54
5032,10-2023,2,Commercial,13,ROP,0,54,0,0,0,54
10001082,04-2023,1,Government,5,INF-KRY,0,54,0,0,0,54
10000513,08-2023,1,Government,5,INF-KRY,0,54,0,0,0,54
10002263,02-2023,1,Government,2,PID(I),54,0,0,0,0,54
10003423,02-2022,1,Government,5,INF-KRY,54,0,0,0,0,54
10023169,07-2022,1,Government,5,INF-KRY,54,0,0,0,0,54
10022684,02-2022,1,Government,5,INF-KRY,54,0,0,0,0,54
10021962,12-2023,2,Commercial,13,ROP,0,54,0,0,0,54
10025937,06-2023,2,Commercial,13,ROP,0,0,0,54,0,54
10024629,12-2022,2,Commercial,13,ROP,54,0,0,0,0,54
10024442,07-2023,1,Government,5,INF-KRY,54,0,0,0,0,54
10023919,12-2023,1,Government,5,INF-KRY,54,0,0,0,0,54
10028274,04-2023,1,Government,5,INF-KRY,54,0,0,0,0,54
10030523,07-2022,1,Government,5,INF-KRY,54,0,0,0,0,54
10030486,05-2022,1,Government,5,INF-KRY,0,54,0,0,0,54
10030578,12-2023,20000001,Government Commercial,10000132,PID(I),0,54,0,0,0,54
10030637,02-2022,1,Government,10000159,DIRECT CLIENT,54,0,0,0,0,54
10028806,06-2022,1,Government,5,INF-KRY,54,0,0,0,0,54
10030301,12-2022,1,Government,5,INF-KRY,54,0,0,0,0,54
10001605,11-2023,1,Government,5,INF-KRY,52,0,0,0,0,52
10000052,02-2022,1,Government,5,INF-KRY,0,52,0,0,0,52
10007093,06-2022,1,Government,5,INF-KRY,52,0,0,0,0,52
1713,08-2022,20000001,Government Commercial,10000160,DIRECT CLIENT,0,52,0,0,0,52
363,10-2022,1,Government,5,INF-KRY,0,52,0,0,0,52
660,01-2024,1,Government,10000159,DIRECT CLIENT,52,0,0,0,0,52
560,05-2023,1,Government,5,INF-KRY,52,0,0,0,0,52
626,01-2024,1,Government,5,INF-KRY,51,0,0,0,0,51
689,11-2022,20000001,Government Commercial,10000128,PID(K),51,0,0,0,0,51
10006198,09-2022,1,Government,10000159,DIRECT CLIENT,51,0,0,0,0,51
10001714,09-2023,1,Government,5,INF-KRY,51,0,0,0,0,51
10027313,07-2022,1,Government,5,INF-KRY,51,0,0,0,0,51
10027201,01-2022,1,Government,5,INF-KRY,0,50,0,0,0,50
10027552,10-2023,1,Government,5,INF-KRY,0,0,0,50,0,50
10025937,02-2023,2,Commercial,13,ROP,0,0,0,50,0,50
10021978,09-2022,1,Government,5,INF-KRY,0,50,0,0,0,50
10022769,02-2024,1,Government,5,INF-KRY,0,50,0,0,0,50
10023169,11-2023,1,Government,5,INF-KRY,0,50,0,0,0,50
10023187,08-2022,1,Government,5,INF-KRY,0,50,0,0,0,50
10023169,02-2024,1,Government,5,INF-KRY,0,50,0,0,0,50
10000020,06-2022,1,Government,5,INF-KRY,50,0,0,0,0,50
10000020,07-2023,1,Government,5,INF-KRY,50,0,0,0,0,50
5072,08-2023,1,Government,3,PID(K),0,50,0,0,0,50
4483,08-2023,1,Government,5,INF-KRY,0,50,0,0,0,50
10006718,06-2023,1,Government,5,INF-KRY,0,50,0,0,0,50
10006145,05-2023,1,Government,5,INF-KRY,50,0,0,0,0,50
10003741,06-2022,1,Government,5,INF-KRY,50,0,0,0,0,50
10004691,07-2022,1,Government,5,INF-KRY,50,0,0,0,0,50
10006730,02-2022,1,Government,5,INF-KRY,50,0,0,0,0,50
10007585,06-2022,1,Government,5,INF-KRY,50,0,0,0,0,50
10013440,04-2023,1,Government,5,INF-KRY,50,0,0,0,0,50
10014245,08-2023,1,Government,5,INF-KRY,0,50,0,0,0,50
10012374,08-2022,1,Government,5,INF-KRY,0,50,0,0,0,50
10013440,02-2023,1,Government,5,INF-KRY,50,0,0,0,0,50
10009886,05-2022,1,Government,5,INF-KRY,50,0,0,0,0,50
10009343,04-2022,1,Government,5,INF-KRY,50,0,0,0,0,50
10016263,07-2023,1,Government,5,INF-KRY,0,50,0,0,0,50
10021844,07-2023,1,Government,5,INF-KRY,50,0,0,0,0,50
10021538,12-2022,1,Government,5,INF-KRY,0,50,0,0,0,50
676,04-2023,1,Government,10000159,DIRECT CLIENT,50,0,0,0,0,50
676,09-2022,1,Government,10000159,DIRECT CLIENT,50,0,0,0,0,50
674,06-2022,1,Government,3,PID(K),50,0,0,0,0,50
621,04-2023,1,Government,5,INF-KRY,50,0,0,0,0,50
351,04-2023,1,Government,5,INF-KRY,0,0,0,50,0,50
380,09-2022,1,Government,5,INF-KRY,0,50,0,0,0,50
413,03-2022,1,Government,5,INF-KRY,50,0,0,0,0,50
398,08-2022,1,Government,5,INF-KRY,50,0,0,0,0,50
457,07-2023,1,Government,5,INF-KRY,0,50,0,0,0,50
528,07-2022,1,Government,5,INF-KRY,0,50,0,0,0,50
535,08-2023,1,Government,5,INF-KRY,0,24,0,26,0,50
483,08-2023,1,Government,5,INF-KRY,0,24,0,26,0,50
478,11-2023,1,Government,5,INF-KRY,0,50,0,0,0,50
4305,02-2023,1,Government,3,PID(K),0,50,0,0,0,50
758,08-2022,1,Government,3,PID(K),50,0,0,0,0,50
894,07-2023,20000001,Government Commercial,10000129,PID(L),0,0,0,48,0,48
746,11-2022,20000001,Government Commercial,10000160,DIRECT CLIENT,48,0,0,0,0,48
713,06-2022,20000001,Government Commercial,10000128,PID(K),0,48,0,0,0,48
734,09-2023,20000001,Government Commercial,10000128,PID(K),48,0,0,0,0,48
731,10-2022,1,Government,3,PID(K),48,0,0,0,0,48
731,02-2022,1,Government,3,PID(K),48,0,0,0,0,48
728,08-2022,1,Government,3,PID(K),48,0,0,0,0,48
728,11-2023,1,Government,3,PID(K),48,0,0,0,0,48
4307,03-2022,1,Government,8,PID(H),48,0,0,0,0,48
4307,06-2023,1,Government,8,PID(H),48,0,0,0,0,48
4376,03-2022,1,Government,3,PID(K),48,0,0,0,0,48
4376,09-2022,1,Government,3,PID(K),0,48,0,0,0,48
4338,05-2022,20000001,Government Commercial,10000128,PID(K),48,0,0,0,0,48
1713,10-2022,20000001,Government Commercial,10000160,DIRECT CLIENT,0,48,0,0,0,48
1735,12-2022,1,Government,2,PID(I),0,48,0,0,0,48
1679,09-2022,1,Government,2,PID(I),0,0,0,48,0,48
480,10-2023,1,Government,10000159,DIRECT CLIENT,48,0,0,0,0,48
399,09-2022,1,Government,5,INF-KRY,48,0,0,0,0,48
399,10-2023,1,Government,5,INF-KRY,48,0,0,0,0,48
391,07-2023,1,Government,10000159,DIRECT CLIENT,48,0,0,0,0,48
389,05-2023,1,Government,10000159,DIRECT CLIENT,48,0,0,0,0,48
302,11-2022,1,Government,5,INF-KRY,0,48,0,0,0,48
354,05-2022,1,Government,8,PID(H),0,0,0,48,0,48
623,11-2022,2,Commercial,13,ROP,48,0,0,0,0,48
616,04-2023,1,Government,5,INF-KRY,48,0,0,0,0,48
611,03-2022,1,Government,5,INF-KRY,48,0,0,0,0,48
575,08-2022,1,Government,10000159,DIRECT CLIENT,48,0,0,0,0,48
661,07-2023,1,Government,5,INF-KRY,48,0,0,0,0,48
675,11-2023,1,Government,3,PID(K),22,26,0,0,0,48
689,03-2022,20000001,Government Commercial,10000128,PID(K),48,0,0,0,0,48
677,04-2022,1,Government,3,PID(K),48,0,0,0,0,48
700,10-2023,1,Government,5,INF-KRY,48,0,0,0,0,48
626,07-2022,1,Government,5,INF-KRY,48,0,0,0,0,48
10021641,04-2022,1,Government,10000159,DIRECT CLIENT,0,48,0,0,0,48
10021789,08-2022,1,Government,3,PID(K),48,0,0,0,0,48
10021641,07-2022,1,Government,10000159,DIRECT CLIENT,0,48,0,0,0,48
10020967,07-2023,1,Government,5,INF-KRY,48,0,0,0,0,48
10019468,09-2022,1,Government,5,INF-KRY,0,48,0,0,0,48
10018799,02-2024,1,Government,5,INF-KRY,48,0,0,0,0,48
10015000,03-2022,20000001,Government Commercial,10000160,DIRECT CLIENT,0,0,0,48,0,48
10009886,01-2022,1,Government,5,INF-KRY,48,0,0,0,0,48
10009708,09-2023,1,Government,8,PID(H),48,0,0,0,0,48
10009909,10-2022,1,Government,5,INF-KRY,48,0,0,0,0,48
10010683,01-2023,1,Government,8,PID(H),48,0,0,0,0,48
10010320,03-2022,1,Government,5,INF-KRY,48,0,0,0,0,48
10010326,05-2022,1,Government,5,INF-KRY,48,0,0,0,0,48
10007254,08-2023,20000001,Government Commercial,10000130,PID(H),0,48,0,0,0,48
10007662,09-2023,1,Government,8,PID(H),0,48,0,0,0,48
10007662,10-2023,1,Government,8,PID(H),0,0,0,48,0,48
10008471,11-2022,1,Government,5,INF-KRY,48,0,0,0,0,48
10008471,04-2022,1,Government,5,INF-KRY,48,0,0,0,0,48
10006198,01-2023,1,Government,10000159,DIRECT CLIENT,48,0,0,0,0,48
4558,02-2022,20000001,Government Commercial,10000128,PID(K),0,48,0,0,0,48
5238,11-2023,1,Government,5,INF-KRY,0,48,0,0,0,48
10000227,07-2023,1,Government,3,PID(K),48,0,0,0,0,48
10001714,11-2023,1,Government,5,INF-KRY,48,0,0,0,0,48
10001605,11-2022,1,Government,5,INF-KRY,48,0,0,0,0,48
10003241,09-2022,1,Government,5,INF-KRY,48,0,0,0,0,48
10002819,09-2023,1,Government,5,INF-KRY,0,48,0,0,0,48
10001049,02-2022,1,Government,8,PID(H),0,48,0,0,0,48
10001049,06-2022,1,Government,8,PID(H),0,48,0,0,0,48
10023169,03-2023,1,Government,5,INF-KRY,48,0,0,0,0,48
10022769,11-2023,1,Government,5,INF-KRY,48,0,0,0,0,48
10023141,01-2024,2,Commercial,13,ROP,0,48,0,0,0,48
10023160,09-2022,1,Government,5,INF-KRY,0,48,0,0,0,48
10021878,11-2022,1,Government,5,INF-KRY,48,0,0,0,0,48
10022537,08-2023,1,Government,5,INF-KRY,48,0,0,0,0,48
10025937,08-2023,2,Commercial,13,ROP,0,0,0,48,0,48
10024133,01-2024,1,Government,10000159,DIRECT CLIENT,48,0,0,0,0,48
10027434,04-2022,1,Government,10000159,DIRECT CLIENT,48,0,0,0,0,48
10026619,04-2022,1,Government,5,INF-KRY,48,0,0,0,0,48
10027205,08-2022,1,Government,5,INF-KRY,0,48,0,0,0,48
10027358,09-2022,1,Government,5,INF-KRY,0,48,0,0,0,48
10029608,12-2022,2,Commercial,13,ROP,48,0,0,0,0,48
10029226,05-2022,1,Government,10000159,DIRECT CLIENT,48,0,0,0,0,48
10029226,08-2022,1,Government,10000159,DIRECT CLIENT,48,0,0,0,0,48
10029366,08-2022,1,Government,5,INF-KRY,48,0,0,0,0,48
10030629,03-2023,2,Commercial,13,ROP,48,0,0,0,0,48
10030804,12-2023,20000001,Government Commercial,10000130,PID(H),48,0,0,0,0,48
10028213,11-2023,1,Government,5,INF-KRY,0,46,0,0,0,46
10024210,05-2022,1,Government,5,INF-KRY,46,0,0,0,0,46
10023939,08-2023,1,Government,5,INF-KRY,46,0,0,0,0,46
10024442,02-2022,1,Government,5,INF-KRY,46,0,0,0,0,46
10006080,07-2022,1,Government,5,INF-KRY,46,0,0,0,0,46
10003757,05-2022,1,Government,5,INF-KRY,46,0,0,0,0,46
10006907,11-2022,1,Government,5,INF-KRY,0,46,0,0,0,46
10011105,03-2023,1,Government,5,INF-KRY,0,46,0,0,0,46
10009919,03-2022,1,Government,5,INF-KRY,0,46,0,0,0,46
10010115,08-2022,1,Government,5,INF-KRY,0,0,0,46,0,46
10008913,02-2022,1,Government,5,INF-KRY,0,46,0,0,0,46
10014325,08-2023,1,Government,5,INF-KRY,0,46,0,0,0,46
660,08-2022,1,Government,10000159,DIRECT CLIENT,0,46,0,0,0,46
676,01-2022,1,Government,10000159,DIRECT CLIENT,46,0,0,0,0,46
564,06-2023,1,Government,5,INF-KRY,46,0,0,0,0,46
550,07-2023,1,Government,5,INF-KRY,0,0,0,46,0,46
575,11-2023,1,Government,10000159,DIRECT CLIENT,46,0,0,0,0,46
363,12-2022,1,Government,5,INF-KRY,0,46,0,0,0,46
496,05-2023,1,Government,5,INF-KRY,0,46,0,0,0,46
4338,07-2022,20000001,Government Commercial,10000128,PID(K),0,46,0,0,0,46
746,05-2023,20000001,Government Commercial,10000128,PID(K),0,46,0,0,0,46
1657,08-2022,1,Government,2,PID(I),0,0,0,46,0,46
1616,11-2022,1,Government,2,PID(I),45,0,0,0,0,45
871,01-2023,1,Government,4,PID(L),45,0,0,0,0,45
720,04-2023,20000001,Government Commercial,10000128,PID(K),45,0,0,0,0,45
716,05-2023,1,Government,5,INF-KRY,21,24,0,0,0,45
4443,01-2022,1,Government,2,PID(I),0,45,0,0,0,45
4451,08-2022,1,Government,2,PID(I),0,45,0,0,0,45
1684,11-2022,1,Government,2,PID(I),0,0,0,45,0,45
1739,05-2023,20000001,Government Commercial,10000132,PID(I),0,0,0,45,0,45
480,01-2022,1,Government,10000159,DIRECT CLIENT,45,0,0,0,0,45
480,02-2024,1,Government,10000159,DIRECT CLIENT,45,0,0,0,0,45
476,03-2022,1,Government,5,INF-KRY,45,0,0,0,0,45
528,07-2023,1,Government,5,INF-KRY,45,0,0,0,0,45
363,03-2023,1,Government,5,INF-KRY,0,45,0,0,0,45
302,03-2022,1,Government,5,INF-KRY,45,0,0,0,0,45
382,05-2023,1,Government,5,INF-KRY,45,0,0,0,0,45
382,01-2023,1,Government,5,INF-KRY,45,0,0,0,0,45
579,06-2022,1,Government,5,INF-KRY,45,0,0,0,0,45
661,03-2023,1,Government,5,INF-KRY,45,0,0,0,0,45
634,05-2022,1,Government,5,INF-KRY,45,0,0,0,0,45
10015332,02-2024,20000001,Government Commercial,10000128,PID(K),45,0,0,0,0,45
10015332,06-2023,20000001,Government Commercial,10000128,PID(K),0,45,0,0,0,45
10019414,06-2022,1,Government,5,INF-KRY,0,45,0,0,0,45
10020401,05-2023,1,Government,5,INF-KRY,45,0,0,0,0,45
10008923,11-2022,1,Government,2,PID(I),45,0,0,0,0,45
10008957,03-2022,1,Government,5,INF-KRY,45,0,0,0,0,45
10009956,12-2023,2,Commercial,18,BUILDERS,0,45,0,0,0,45
10009897,06-2023,1,Government,5,INF-KRY,0,45,0,0,0,45
10013168,05-2023,1,Government,4,PID(L),45,0,0,0,0,45
10008471,02-2024,1,Government,5,INF-KRY,45,0,0,0,0,45
10008204,07-2023,1,Government,5,INF-KRY,0,45,0,0,0,45
10007644,08-2023,1,Government,5,INF-KRY,0,45,0,0,0,45
10001049,01-2023,1,Government,8,PID(H),0,45,0,0,0,45
10001049,12-2023,1,Government,8,PID(H),0,45,0,0,0,45
10003241,10-2022,1,Government,5,INF-KRY,45,0,0,0,0,45
5364,02-2023,1,Government,5,INF-KRY,45,0,0,0,0,45
4793,06-2023,2,Commercial,13,ROP,0,0,0,45,0,45
10024442,04-2023,1,Government,5,INF-KRY,45,0,0,0,0,45
10024383,10-2023,1,Government,5,INF-KRY,45,0,0,0,0,45
10025937,10-2022,2,Commercial,13,ROP,0,0,0,45,0,45
10028806,04-2022,1,Government,3,PID(K),0,0,0,45,0,45
10028786,07-2023,1,Government,5,INF-KRY,45,0,0,0,0,45
10027402,04-2023,1,Government,10000159,DIRECT CLIENT,45,0,0,0,0,45
10027237,08-2023,1,Government,5,INF-KRY,45,0,0,0,0,45
10030578,05-2022,20000001,Government Commercial,10000132,PID(I),0,45,0,0,0,45
10029391,08-2023,2,Commercial,13,ROP,0,0,0,45,0,45
10028944,05-2023,2,Commercial,13,ROP,0,0,0,45,0,45
10030866,07-2023,1,Government,5,INF-KRY,45,0,0,0,0,45
10030084,12-2023,1,Government,8,PID(H),24,20,0,0,0,44
10026796,02-2024,1,Government,5,INF-KRY,0,44,0,0,0,44
10022970,05-2022,1,Government,3,PID(K),0,44,0,0,0,44
10022769,02-2022,1,Government,5,INF-KRY,0,0,0,44,0,44
10007059,08-2023,1,Government,5,INF-KRY,0,44,0,0,0,44
10005186,06-2023,1,Government,5,INF-KRY,44,0,0,0,0,44
10014245,10-2022,1,Government,5,INF-KRY,0,44,0,0,0,44
10010330,09-2023,2,Commercial,13,ROP,44,0,0,0,0,44
10019855,06-2023,1,Government,5,INF-KRY,0,44,0,0,0,44
660,02-2022,1,Government,10000159,DIRECT CLIENT,44,0,0,0,0,44
660,01-2022,1,Government,10000159,DIRECT CLIENT,0,44,0,0,0,44
703,03-2023,20000001,Government Commercial,10000128,PID(K),0,44,0,0,0,44
427,08-2023,1,Government,5,INF-KRY,0,44,0,0,0,44
302,08-2023,1,Government,5,INF-KRY,44,0,0,0,0,44
351,11-2022,1,Government,10000159,DIRECT CLIENT,0,44,0,0,0,44
354,09-2023,1,Government,8,PID(H),0,0,0,44,0,44
512,09-2023,1,Government,5,INF-KRY,44,0,0,0,0,44
467,01-2023,1,Government,5,INF-KRY,0,44,0,0,0,44
728,01-2023,1,Government,3,PID(K),0,44,0,0,0,44
716,10-2023,1,Government,5,INF-KRY,0,0,0,42,0,42
739,07-2022,1,Government,3,PID(K),0,42,0,0,0,42
851,01-2023,20000001,Government Commercial,10000129,PID(L),0,42,0,0,0,42
1689,11-2023,20000001,Government Commercial,10000132,PID(I),42,0,0,0,0,42
4188,11-2022,1,Government,2,PID(I),42,0,0,0,0,42
510,03-2022,1,Government,5,INF-KRY,42,0,0,0,0,42
363,04-2022,1,Government,5,INF-KRY,42,0,0,0,0,42
363,02-2024,1,Government,5,INF-KRY,42,0,0,0,0,42
363,11-2023,1,Government,5,INF-KRY,42,0,0,0,0,42
349,01-2022,20000001,Government Commercial,10000130,PID(H),0,42,0,0,0,42
302,08-2022,1,Government,5,INF-KRY,42,0,0,0,0,42
684,11-2022,1,Government,5,INF-KRY,42,0,0,0,0,42
689,04-2023,20000001,Government Commercial,10000128,PID(K),42,0,0,0,0,42
626,06-2022,1,Government,5,INF-KRY,42,0,0,0,0,42
626,04-2023,1,Government,5,INF-KRY,42,0,0,0,0,42
564,05-2022,1,Government,5,INF-KRY,42,0,0,0,0,42
564,06-2022,1,Government,5,INF-KRY,0,42,0,0,0,42
571,06-2022,1,Government,5,INF-KRY,0,42,0,0,0,42
616,06-2022,1,Government,5,INF-KRY,0,0,0,42,0,42
10021844,04-2022,1,Government,5,INF-KRY,42,0,0,0,0,42
10021865,06-2022,1,Government,5,INF-KRY,0,0,0,42,0,42
10010998,03-2022,1,Government,5,INF-KRY,42,0,0,0,0,42
10014070,07-2023,1,Government,5,INF-KRY,42,0,0,0,0,42
10008204,07-2022,1,Government,5,INF-KRY,42,0,0,0,0,42
10003241,08-2022,1,Government,5,INF-KRY,42,0,0,0,0,42
10001049,05-2022,1,Government,8,PID(H),0,42,0,0,0,42
10022036,02-2022,1,Government,5,INF-KRY,0,0,0,42,0,42
10029697,06-2022,1,Government,5,INF-KRY,42,0,0,0,0,42
10030486,06-2022,1,Government,5,INF-KRY,42,0,0,0,0,42
10029608,02-2023,2,Commercial,13,ROP,40,0,0,0,0,40
10029608,09-2022,2,Commercial,13,ROP,40,0,0,0,0,40
10027402,02-2024,1,Government,10000159,DIRECT CLIENT,40,0,0,0,0,40
10028360,05-2023,1,Government,5,INF-KRY,40,0,0,0,0,40
10027402,11-2023,1,Government,10000159,DIRECT CLIENT,40,0,0,0,0,40
10027552,05-2023,1,Government,5,INF-KRY,0,40,0,0,0,40
10021978,09-2023,1,Government,5,INF-KRY,40,0,0,0,0,40
10022618,09-2023,1,Government,3,PID(K),20,20,0,0,0,40
10022257,12-2023,1,Government,5,INF-KRY,0,40,0,0,0,40
10022257,11-2023,1,Government,5,INF-KRY,40,0,0,0,0,40
10023215,05-2023,1,Government,8,PID(H),40,0,0,0,0,40
10026387,08-2023,1,Government,5,INF-KRY,40,0,0,0,0,40
10024442,10-2022,1,Government,5,INF-KRY,0,40,0,0,0,40
10024383,09-2022,1,Government,5,INF-KRY,40,0,0,0,0,40
10025116,06-2023,1,Government,5,INF-KRY,40,0,0,0,0,40
10030943,03-2023,2,Commercial,18,BUILDERS,0,0,0,40,0,40
10001569,01-2022,2,Commercial,13,ROP,20,20,0,0,0,40
10000513,03-2022,1,Government,5,INF-KRY,0,40,0,0,0,40
10003241,12-2022,1,Government,5,INF-KRY,40,0,0,0,0,40
4483,05-2022,1,Government,5,INF-KRY,40,0,0,0,0,40
10008471,12-2023,1,Government,5,INF-KRY,0,0,0,40,0,40
10007483,07-2023,1,Government,5,INF-KRY,40,0,0,0,0,40
10006730,09-2022,1,Government,5,INF-KRY,40,0,0,0,0,40
10005364,12-2022,20000001,Government Commercial,10000128,PID(K),0,40,0,0,0,40
10013440,08-2022,1,Government,5,INF-KRY,40,0,0,0,0,40
10011276,05-2023,1,Government,3,PID(K),40,0,0,0,0,40
10011276,08-2022,1,Government,3,PID(K),40,0,0,0,0,40
10008813,04-2022,1,Government,5,INF-KRY,40,0,0,0,0,40
10021538,03-2022,1,Government,5,INF-KRY,0,40,0,0,0,40
10021538,10-2022,1,Government,5,INF-KRY,0,0,0,40,0,40
10018799,11-2023,1,Government,5,INF-KRY,0,0,0,40,0,40
10018546,12-2022,1,Government,5,INF-KRY,40,0,0,0,0,40
10018546,09-2023,1,Government,5,INF-KRY,40,0,0,0,0,40
575,02-2023,1,Government,10000159,DIRECT CLIENT,40,0,0,0,0,40
545,07-2022,1,Government,5,INF-KRY,0,0,0,40,0,40
634,06-2023,1,Government,5,INF-KRY,40,0,0,0,0,40
675,01-2022,1,Government,3,PID(K),0,40,0,0,0,40
675,02-2022,1,Government,3,PID(K),40,0,0,0,0,40
675,12-2022,1,Government,3,PID(K),0,40,0,0,0,40
676,02-2022,1,Government,10000159,DIRECT CLIENT,40,0,0,0,0,40
299,07-2022,1,Government,5,INF-KRY,0,0,0,40,0,40
314,01-2022,1,Government,5,INF-KRY,0,40,0,0,0,40
348,02-2024,1,Government,8,PID(H),0,40,0,0,0,40
368,11-2022,1,Government,5,INF-KRY,0,40,0,0,0,40
354,11-2022,1,Government,8,PID(H),0,40,0,0,0,40
381,06-2023,1,Government,5,INF-KRY,0,40,0,0,0,40
381,11-2023,1,Government,5,INF-KRY,40,0,0,0,0,40
389,05-2023,1,Government,5,INF-KRY,40,0,0,0,0,40
507,12-2023,1,Government,5,INF-KRY,40,0,0,0,0,40
480,11-2022,1,Government,5,INF-KRY,0,40,0,0,0,40
527,10-2023,1,Government,5,INF-KRY,0,40,0,0,0,40
4394,10-2022,1,Government,5,INF-KRY,0,40,0,0,0,40
4401,09-2023,1,Government,10000159,DIRECT CLIENT,0,0,0,40,0,40
4409,03-2022,1,Government,5,INF-KRY,0,40,0,0,0,40
4409,08-2022,1,Government,5,INF-KRY,40,0,0,0,0,40
4410,05-2023,1,Government,5,INF-KRY,0,40,0,0,0,40
748,09-2022,1,Government,3,PID(K),0,40,0,0,0,40
754,08-2022,1,Government,3,PID(K),40,0,0,0,0,40
1575,03-2022,1,Government,2,PID(I),40,0,0,0,0,40
754,01-2023,1,Government,3,PID(K),0,40,0,0,0,40
742,06-2022,20000001,Government Commercial,10000128,PID(K),0,40,0,0,0,40
728,12-2022,1,Government,3,PID(K),40,0,0,0,0,40
716,07-2022,1,Government,5,INF-KRY,0,40,0,0,0,40
726,02-2023,1,Government,3,PID(K),0,39,0,0,0,39
742,03-2023,20000001,Government Commercial,10000128,PID(K),0,39,0,0,0,39
1713,09-2022,20000001,Government Commercial,10000160,DIRECT CLIENT,0,39,0,0,0,39
1713,04-2022,20000001,Government Commercial,10000160,DIRECT CLIENT,0,39,0,0,0,39
480,07-2023,1,Government,5,INF-KRY,0,39,0,0,0,39
480,10-2023,1,Government,5,INF-KRY,39,0,0,0,0,39
485,06-2023,1,Government,5,INF-KRY,0,39,0,0,0,39
380,10-2022,1,Government,5,INF-KRY,39,0,0,0,0,39
358,07-2022,1,Government,8,PID(H),0,39,0,0,0,39
10019376,07-2023,1,Government,5,INF-KRY,0,39,0,0,0,39
10019518,06-2022,1,Government,5,INF-KRY,39,0,0,0,0,39
10008859,09-2023,1,Government,5,INF-KRY,39,0,0,0,0,39
10014070,03-2022,1,Government,5,INF-KRY,39,0,0,0,0,39
10014245,07-2023,1,Government,5,INF-KRY,39,0,0,0,0,39
10006809,09-2023,1,Government,5,INF-KRY,39,0,0,0,0,39
10001431,07-2023,1,Government,5,INF-KRY,0,39,0,0,0,39
10026067,11-2023,1,Government,10000159,DIRECT CLIENT,0,39,0,0,0,39
10022769,07-2023,1,Government,5,INF-KRY,0,39,0,0,0,39
10022678,12-2022,1,Government,5,INF-KRY,39,0,0,0,0,39
10028475,03-2022,1,Government,5,INF-KRY,39,0,0,0,0,39
10028944,12-2023,2,Commercial,13,ROP,0,0,0,39,0,39
302,12-2022,1,Government,5,INF-KRY,18,20,0,0,0,38
1741,11-2023,1,Government,2,PID(I),38,0,0,0,0,38
894,12-2022,20000001,Government Commercial,10000129,PID(L),38,0,0,0,0,38
1632,07-2022,1,Government,2,PID(I),0,36,0,0,0,36
739,02-2022,1,Government,3,PID(K),36,0,0,0,0,36
739,04-2023,1,Government,3,PID(K),0,36,0,0,0,36
716,12-2022,1,Government,5,INF-KRY,36,0,0,0,0,36
720,10-2023,20000001,Government Commercial,10000128,PID(K),36,0,0,0,0,36
4305,04-2022,1,Government,3,PID(K),36,0,0,0,0,36
4338,09-2022,20000001,Government Commercial,10000128,PID(K),0,36,0,0,0,36
4338,04-2022,20000001,Government Commercial,10000128,PID(K),0,36,0,0,0,36
4305,11-2022,1,Government,3,PID(K),0,36,0,0,0,36
4423,09-2022,1,Government,5,INF-KRY,36,0,0,0,0,36
1721,10-2022,1,Government,2,PID(I),36,0,0,0,0,36
351,03-2023,1,Government,5,INF-KRY,36,0,0,0,0,36
-69645413,05-2022,1,Government,5,INF-KRY,36,0,0,0,0,36
-1629516736,10-2023,1,Government,5,INF-KRY,36,0,0,0,0,36
-69645413,03-2022,1,Government,5,INF-KRY,36,0,0,0,0,36
382,04-2023,1,Government,5,INF-KRY,36,0,0,0,0,36
496,11-2023,1,Government,5,INF-KRY,36,0,0,0,0,36
485,05-2023,1,Government,5,INF-KRY,0,36,0,0,0,36
675,03-2022,1,Government,3,PID(K),0,36,0,0,0,36
693,08-2023,20000001,Government Commercial,10000128,PID(K),36,0,0,0,0,36
689,10-2022,20000001,Government Commercial,10000128,PID(K),36,0,0,0,0,36
700,11-2022,1,Government,5,INF-KRY,36,0,0,0,0,36
667,01-2022,1,Government,5,INF-KRY,0,36,0,0,0,36
660,04-2023,1,Government,10000159,DIRECT CLIENT,36,0,0,0,0,36
634,01-2022,1,Government,5,INF-KRY,36,0,0,0,0,36
558,11-2023,1,Government,5,INF-KRY,36,0,0,0,0,36
544,12-2023,1,Government,5,INF-KRY,0,36,0,0,0,36
560,07-2023,1,Government,5,INF-KRY,36,0,0,0,0,36
623,01-2023,2,Commercial,14,EDUCATION,36,0,0,0,0,36
10001431,08-2023,1,Government,5,INF-KRY,36,0,0,0,0,36
10003183,09-2022,1,Government,5,INF-KRY,0,36,0,0,0,36
10002409,10-2023,1,Government,5,INF-KRY,36,0,0,0,0,36
5032,04-2023,2,Commercial,13,ROP,0,36,0,0,0,36
5254,01-2022,1,Government,5,INF-KRY,36,0,0,0,0,36
10000267,03-2022,1,Government,5,INF-KRY,36,0,0,0,0,36
10006809,04-2023,1,Government,5,INF-KRY,36,0,0,0,0,36
10006730,08-2023,1,Government,5,INF-KRY,36,0,0,0,0,36
10007918,05-2023,1,Government,10000159,DIRECT CLIENT,0,36,0,0,0,36
10005260,03-2023,1,Government,3,PID(K),0,36,0,0,0,36
10004194,03-2022,1,Government,5,INF-KRY,36,0,0,0,0,36
10004111,12-2022,2,Commercial,13,ROP,0,0,0,36,0,36
10006726,02-2022,1,Government,5,INF-KRY,36,0,0,0,0,36
10013440,07-2023,1,Government,5,INF-KRY,36,0,0,0,0,36
10012422,11-2022,1,Government,5,INF-KRY,36,0,0,0,0,36
10010317,12-2022,1,Government,5,INF-KRY,36,0,0,0,0,36
10008859,01-2022,1,Government,5,INF-KRY,0,36,0,0,0,36
10008920,11-2023,2,Commercial,13,ROP,0,36,0,0,0,36
10009703,10-2022,1,Government,5,INF-KRY,36,0,0,0,0,36
10010115,02-2023,1,Government,5,INF-KRY,36,0,0,0,0,36
10009922,07-2023,1,Government,5,INF-KRY,36,0,0,0,0,36
10018863,07-2022,1,Government,5,INF-KRY,0,36,0,0,0,36
10021435,01-2023,1,Government,3,PID(K),0,36,0,0,0,36
10021503,01-2022,1,Government,5,INF-KRY,36,0,0,0,0,36
10021641,08-2022,1,Government,5,INF-KRY,0,36,0,0,0,36
10021752,03-2022,1,Government,5,INF-KRY,36,0,0,0,0,36
10029391,07-2023,2,Commercial,13,ROP,0,0,0,36,0,36
10029366,09-2022,1,Government,5,INF-KRY,36,0,0,0,0,36
10030220,03-2022,1,Government,5,INF-KRY,36,0,0,0,0,36
10030256,01-2022,1,Government,5,INF-KRY,36,0,0,0,0,36
10030578,08-2023,20000001,Government Commercial,10000132,PID(I),36,0,0,0,0,36
10030637,03-2023,1,Government,10000159,DIRECT CLIENT,36,0,0,0,0,36
10028360,06-2022,1,Government,5,INF-KRY,0,36,0,0,0,36
10028717,01-2024,2,Commercial,10000165,Political Ad,36,0,0,0,0,36
10027552,04-2022,1,Government,5,INF-KRY,36,0,0,0,0,36
10027650,12-2022,1,Government,5,INF-KRY,36,0,0,0,0,36
10022926,06-2022,1,Government,5,INF-KRY,0,36,0,0,0,36
10022257,02-2022,1,Government,5,INF-KRY,0,36,0,0,0,36
10022678,10-2023,1,Government,5,INF-KRY,36,0,0,0,0,36
10025937,01-2024,2,Commercial,13,ROP,0,0,0,36,0,36
10025791,09-2023,1,Government,5,INF-KRY,0,36,0,0,0,36
10025718,02-2022,1,Government,5,INF-KRY,36,0,0,0,0,36
10024918,08-2023,1,Government,5,INF-KRY,36,0,0,0,0,36
10024918,01-2022,1,Government,5,INF-KRY,36,0,0,0,0,36
10024383,07-2023,1,Government,5,INF-KRY,36,0,0,0,0,36
10022613,02-2024,1,Government,5,INF-KRY,34,0,0,0,0,34
10022257,05-2022,1,Government,5,INF-KRY,34,0,0,0,0,34
10023214,11-2023,1,Government,5,INF-KRY,0,34,0,0,0,34
10027313,03-2023,1,Government,5,INF-KRY,0,34,0,0,0,34
10030577,05-2022,20000001,Government Commercial,10000130,PID(H),0,34,0,0,0,34
10021503,07-2022,1,Government,5,INF-KRY,0,0,0,34,0,34
10011618,10-2023,1,Government,5,INF-KRY,0,0,0,34,0,34
10013440,04-2022,1,Government,5,INF-KRY,0,34,0,0,0,34
10003241,07-2022,1,Government,5,INF-KRY,0,34,0,0,0,34
10003093,03-2022,1,Government,5,INF-KRY,34,0,0,0,0,34
558,05-2023,1,Government,5,INF-KRY,34,0,0,0,0,34
660,06-2023,1,Government,10000159,DIRECT CLIENT,34,0,0,0,0,34
660,09-2023,1,Government,10000159,DIRECT CLIENT,0,34,0,0,0,34
1718,09-2022,20000001,Government Commercial,10000132,PID(I),33,0,0,0,0,33
1684,06-2023,1,Government,2,PID(I),33,0,0,0,0,33
1776,05-2022,20000001,Government Commercial,10000132,PID(I),33,0,0,0,0,33
10001874,05-2022,1,Government,5,INF-KRY,0,33,0,0,0,33
10000267,02-2022,1,Government,5,INF-KRY,32,0,0,0,0,32
10007371,02-2022,1,Government,5,INF-KRY,0,0,0,32,0,32
10015000,04-2022,20000001,Government Commercial,10000160,DIRECT CLIENT,0,0,0,32,0,32
10015000,02-2024,20000001,Government Commercial,10000160,DIRECT CLIENT,0,0,0,32,0,32
4430,04-2022,1,Government,5,INF-KRY,32,0,0,0,0,32
746,01-2023,20000001,Government Commercial,10000128,PID(K),0,32,0,0,0,32
1557,01-2023,20000001,Government Commercial,10000132,PID(I),0,32,0,0,0,32
480,03-2023,1,Government,5,INF-KRY,0,32,0,0,0,32
478,09-2023,1,Government,5,INF-KRY,32,0,0,0,0,32
398,11-2022,1,Government,5,INF-KRY,32,0,0,0,0,32
289,01-2022,1,Government,5,INF-KRY,32,0,0,0,0,32
299,07-2023,1,Government,5,INF-KRY,0,32,0,0,0,32
10027313,10-2023,1,Government,5,INF-KRY,0,32,0,0,0,32
10024000,11-2022,1,Government,5,INF-KRY,0,32,0,0,0,32
428,09-2023,1,Government,5,INF-KRY,15,16,0,0,0,31
457,02-2023,1,Government,5,INF-KRY,0,30,0,0,0,30
465,10-2022,1,Government,5,INF-KRY,30,0,0,0,0,30
399,01-2022,1,Government,5,INF-KRY,30,0,0,0,0,30
399,06-2023,1,Government,5,INF-KRY,30,0,0,0,0,30
382,01-2024,1,Government,5,INF-KRY,30,0,0,0,0,30
380,09-2023,1,Government,5,INF-KRY,30,0,0,0,0,30
299,08-2023,1,Government,5,INF-KRY,30,0,0,0,0,30
289,02-2022,1,Government,5,INF-KRY,0,30,0,0,0,30
289,12-2022,1,Government,5,INF-KRY,30,0,0,0,0,30
361,11-2022,1,Government,8,PID(H),30,0,0,0,0,30
496,02-2023,1,Government,5,INF-KRY,30,0,0,0,0,30
511,03-2023,1,Government,5,INF-KRY,30,0,0,0,0,30
700,03-2023,1,Government,5,INF-KRY,30,0,0,0,0,30
689,10-2023,20000001,Government Commercial,10000128,PID(K),0,30,0,0,0,30
689,04-2022,20000001,Government Commercial,10000128,PID(K),30,0,0,0,0,30
675,05-2023,1,Government,3,PID(K),0,30,0,0,0,30
688,05-2022,1,Government,3,PID(K),30,0,0,0,0,30
560,06-2022,1,Government,5,INF-KRY,30,0,0,0,0,30
623,01-2022,2,Commercial,13,ROP,30,0,0,0,0,30
618,04-2022,1,Government,5,INF-KRY,30,0,0,0,0,30
623,04-2022,2,Commercial,13,ROP,30,0,0,0,0,30
894,04-2023,20000001,Government Commercial,10000129,PID(L),0,30,0,0,0,30
871,09-2023,20000001,Government Commercial,10000129,PID(L),30,0,0,0,0,30
1609,09-2022,1,Government,2,PID(I),30,0,0,0,0,30
738,12-2022,1,Government,3,PID(K),30,0,0,0,0,30
738,09-2022,1,Government,3,PID(K),0,30,0,0,0,30
734,05-2022,20000001,Government Commercial,10000128,PID(K),0,30,0,0,0,30
739,07-2023,1,Government,3,PID(K),0,30,0,0,0,30
739,12-2022,1,Government,3,PID(K),0,30,0,0,0,30
722,01-2022,20000001,Government Commercial,10000128,PID(K),0,30,0,0,0,30
716,08-2022,1,Government,5,INF-KRY,0,30,0,0,0,30
716,06-2022,1,Government,5,INF-KRY,30,0,0,0,0,30
705,08-2023,1,Government,10000159,DIRECT CLIENT,30,0,0,0,0,30
4423,12-2023,1,Government,5,INF-KRY,30,0,0,0,0,30
1784,11-2022,1,Government,2,PID(I),0,30,0,0,0,30
4305,10-2022,1,Government,3,PID(K),30,0,0,0,0,30
10015454,02-2022,1,Government,5,INF-KRY,30,0,0,0,0,30
10015658,10-2022,1,Government,5,INF-KRY,0,30,0,0,0,30
10016097,02-2024,1,Government,5,INF-KRY,0,30,0,0,0,30
10018390,12-2023,1,Government,5,INF-KRY,30,0,0,0,0,30
10018390,10-2022,1,Government,5,INF-KRY,0,30,0,0,0,30
10018390,11-2023,1,Government,5,INF-KRY,30,0,0,0,0,30
10018390,02-2022,1,Government,5,INF-KRY,30,0,0,0,0,30
10018390,05-2023,1,Government,5,INF-KRY,30,0,0,0,0,30
10021503,06-2023,1,Government,5,INF-KRY,30,0,0,0,0,30
10021569,02-2022,1,Government,5,INF-KRY,30,0,0,0,0,30
10021559,04-2022,1,Government,5,INF-KRY,30,0,0,0,0,30
10021843,06-2023,1,Government,5,INF-KRY,30,0,0,0,0,30
10018546,10-2022,1,Government,5,INF-KRY,30,0,0,0,0,30
10011276,02-2022,1,Government,3,PID(K),0,30,0,0,0,30
10013333,08-2023,1,Government,5,INF-KRY,30,0,0,0,0,30
10010320,02-2023,1,Government,5,INF-KRY,0,30,0,0,0,30
10010317,08-2022,1,Government,5,INF-KRY,0,30,0,0,0,30
10010317,10-2023,1,Government,5,INF-KRY,0,30,0,0,0,30
10010317,11-2023,1,Government,5,INF-KRY,30,0,0,0,0,30
10010476,02-2023,1,Government,2,PID(I),30,0,0,0,0,30
10010721,08-2023,1,Government,5,INF-KRY,30,0,0,0,0,30
10011087,07-2023,1,Government,5,INF-KRY,30,0,0,0,0,30
10009703,03-2023,1,Government,5,INF-KRY,30,0,0,0,0,30
10009722,11-2022,1,Government,5,INF-KRY,0,0,0,30,0,30
10009759,01-2022,1,Government,5,INF-KRY,30,0,0,0,0,30
10008973,10-2023,1,Government,5,INF-KRY,30,0,0,0,0,30
10007622,05-2023,1,Government,5,INF-KRY,0,30,0,0,0,30
10008156,03-2023,1,Government,5,INF-KRY,30,0,0,0,0,30
10006178,02-2022,1,Government,5,INF-KRY,30,0,0,0,0,30
10006178,03-2023,1,Government,5,INF-KRY,30,0,0,0,0,30
10004650,03-2022,1,Government,5,INF-KRY,30,0,0,0,0,30
5294,03-2022,1,Government,5,INF-KRY,30,0,0,0,0,30
5372,01-2022,1,Government,5,INF-KRY,0,30,0,0,0,30
10003183,02-2022,1,Government,5,INF-KRY,0,0,0,30,0,30
10003183,06-2022,1,Government,5,INF-KRY,30,0,0,0,0,30
10003241,11-2022,1,Government,5,INF-KRY,30,0,0,0,0,30
10001019,03-2022,1,Government,5,INF-KRY,30,0,0,0,0,30
10024133,03-2023,1,Government,10000159,DIRECT CLIENT,30,0,0,0,0,30
10024133,08-2023,1,Government,10000159,DIRECT CLIENT,30,0,0,0,0,30
10024133,12-2023,1,Government,10000159,DIRECT CLIENT,30,0,0,0,0,30
10023919,02-2022,1,Government,5,INF-KRY,30,0,0,0,0,30
10024828,08-2023,1,Government,5,INF-KRY,0,30,0,0,0,30
10025937,07-2022,2,Commercial,13,ROP,0,0,0,30,0,30
10025937,11-2023,2,Commercial,13,ROP,0,0,0,30,0,30
10026796,02-2023,1,Government,5,INF-KRY,30,0,0,0,0,30
10023340,08-2022,1,Government,5,INF-KRY,0,0,0,30,0,30
10023310,08-2022,1,Government,5,INF-KRY,0,30,0,0,0,30
10022865,04-2022,1,Government,5,INF-KRY,0,30,0,0,0,30
10022769,03-2022,1,Government,5,INF-KRY,0,0,0,30,0,30
10022747,09-2022,1,Government,3,PID(K),30,0,0,0,0,30
10022613,11-2023,1,Government,5,INF-KRY,30,0,0,0,0,30
10022678,11-2023,1,Government,5,INF-KRY,30,0,0,0,0,30
10021949,08-2022,1,Government,5,INF-KRY,0,30,0,0,0,30
10021949,05-2023,1,Government,5,INF-KRY,30,0,0,0,0,30
10027374,03-2022,1,Government,5,INF-KRY,0,30,0,0,0,30
10026912,12-2022,2,Commercial,13,ROP,30,0,0,0,0,30
10027011,11-2023,1,Government,5,INF-KRY,0,0,0,30,0,30
10027201,11-2022,1,Government,5,INF-KRY,30,0,0,0,0,30
10027650,01-2023,1,Government,5,INF-KRY,0,30,0,0,0,30
10027552,12-2023,1,Government,5,INF-KRY,30,0,0,0,0,30
10027552,02-2022,1,Government,5,INF-KRY,30,0,0,0,0,30
10028100,10-2022,1,Government,5,INF-KRY,0,30,0,0,0,30
10027893,02-2022,1,Government,5,INF-KRY,30,0,0,0,0,30
10028776,12-2023,1,Government,10000159,DIRECT CLIENT,30,0,0,0,0,30
10030536,10-2023,1,Government,5,INF-KRY,0,0,0,30,0,30
10030256,05-2023,1,Government,5,INF-KRY,30,0,0,0,0,30
10029695,07-2022,1,Government,5,INF-KRY,30,0,0,0,0,30
10029290,03-2023,2,Commercial,13,ROP,0,0,0,30,0,30
10030834,01-2023,20000001,Government Commercial,10000160,DIRECT CLIENT,30,0,0,0,0,30
1042804291,03-2022,1,Government,5,INF-KRY,30,0,0,0,0,30
10030578,02-2022,20000001,Government Commercial,10000132,PID(I),0,28,0,0,0,28
10028786,12-2023,1,Government,5,INF-KRY,0,28,0,0,0,28
10027402,05-2023,1,Government,10000159,DIRECT CLIENT,28,0,0,0,0,28
10001517,02-2022,1,Government,5,INF-KRY,28,0,0,0,0,28
10001002,11-2023,1,Government,2,PID(I),28,0,0,0,0,28
10002572,03-2022,1,Government,5,INF-KRY,0,28,0,0,0,28
10006811,03-2022,1,Government,5,INF-KRY,0,28,0,0,0,28
10009343,03-2022,1,Government,5,INF-KRY,0,28,0,0,0,28
10008813,02-2022,1,Government,5,INF-KRY,28,0,0,0,0,28
1749,09-2022,1,Government,2,PID(I),28,0,0,0,0,28
4423,02-2024,1,Government,5,INF-KRY,28,0,0,0,0,28
705,02-2024,1,Government,10000159,DIRECT CLIENT,28,0,0,0,0,28
734,12-2023,20000001,Government Commercial,10000128,PID(K),0,28,0,0,0,28
675,12-2023,1,Government,3,PID(K),0,28,0,0,0,28
510,03-2023,1,Government,5,INF-KRY,28,0,0,0,0,28
397,08-2022,1,Government,5,INF-KRY,0,0,0,28,0,28
10012604,01-2024,1,Government,2,PID(I),27,0,0,0,0,27
10010744,10-2022,1,Government,5,INF-KRY,0,0,0,26,0,26
10009932,05-2023,1,Government,5,INF-KRY,26,0,0,0,0,26
10018461,09-2022,1,Government,2,PID(I),26,0,0,0,0,26
10015059,09-2022,1,Government,5,INF-KRY,0,26,0,0,0,26
10006178,10-2022,1,Government,5,INF-KRY,0,26,0,0,0,26
510,02-2024,1,Government,5,INF-KRY,26,0,0,0,0,26
521,06-2022,1,Government,5,INF-KRY,26,0,0,0,0,26
689,11-2023,20000001,Government Commercial,10000128,PID(K),26,0,0,0,0,26
734,02-2024,20000001,Government Commercial,10000128,PID(K),0,0,0,26,0,26
4423,09-2023,1,Government,5,INF-KRY,26,0,0,0,0,26
10027205,04-2022,1,Government,5,INF-KRY,0,26,0,0,0,26
10029694,07-2022,1,Government,5,INF-KRY,0,26,0,0,0,26
10022865,01-2022,1,Government,5,INF-KRY,26,0,0,0,0,26
10023310,02-2024,1,Government,5,INF-KRY,26,0,0,0,0,26
1042804291,04-2022,1,Government,5,INF-KRY,0,26,0,0,0,26
10023017,03-2022,1,Government,5,INF-KRY,0,24,0,0,0,24
10022613,12-2023,1,Government,5,INF-KRY,24,0,0,0,0,24
10026727,05-2023,2,Commercial,13,ROP,0,24,0,0,0,24
10026341,07-2023,2,Commercial,13,ROP,0,0,0,24,0,24
10025937,12-2022,2,Commercial,13,ROP,0,0,0,24,0,24
10023962,11-2023,1,Government,5,INF-KRY,0,24,0,0,0,24
10030256,01-2024,1,Government,5,INF-KRY,24,0,0,0,0,24
10030486,01-2024,1,Government,5,INF-KRY,0,0,0,24,0,24
10030610,04-2022,1,Government,5,INF-KRY,24,0,0,0,0,24
10027205,01-2022,1,Government,5,INF-KRY,24,0,0,0,0,24
10027201,03-2022,1,Government,5,INF-KRY,24,0,0,0,0,24
10026912,04-2023,2,Commercial,13,ROP,0,0,0,24,0,24
10028707,11-2023,2,Commercial,10000165,Political Ad,0,24,0,0,0,24
10028348,05-2022,20000001,Government Commercial,10000128,PID(K),24,0,0,0,0,24
10027740,02-2024,2,Commercial,13,ROP,0,0,0,24,0,24
4377,02-2022,1,Government,5,INF-KRY,24,0,0,0,0,24
1784,03-2022,1,Government,2,PID(I),0,24,0,0,0,24
4300,12-2022,1,Government,5,INF-KRY,0,24,0,0,0,24
738,01-2023,1,Government,3,PID(K),24,0,0,0,0,24
734,01-2023,20000001,Government Commercial,10000128,PID(K),24,0,0,0,0,24
711,10-2022,1,Government,3,PID(K),0,24,0,0,0,24
738,03-2023,1,Government,3,PID(K),24,0,0,0,0,24
746,12-2022,20000001,Government Commercial,10000128,PID(K),24,0,0,0,0,24
1657,10-2022,1,Government,2,PID(I),0,24,0,0,0,24
757,08-2023,20000001,Government Commercial,10000128,PID(K),0,24,0,0,0,24
757,11-2022,20000001,Government Commercial,10000128,PID(K),0,24,0,0,0,24
674,06-2023,1,Government,3,PID(K),0,24,0,0,0,24
689,03-2023,20000001,Government Commercial,10000128,PID(K),24,0,0,0,0,24
660,12-2022,1,Government,10000159,DIRECT CLIENT,24,0,0,0,0,24
634,04-2022,1,Government,5,INF-KRY,24,0,0,0,0,24
660,02-2023,1,Government,10000159,DIRECT CLIENT,24,0,0,0,0,24
593,08-2023,1,Government,5,INF-KRY,0,24,0,0,0,24
484,01-2022,1,Government,5,INF-KRY,24,0,0,0,0,24
428,05-2023,1,Government,5,INF-KRY,24,0,0,0,0,24
10005260,01-2023,1,Government,3,PID(K),24,0,0,0,0,24
10006730,02-2024,1,Government,5,INF-KRY,24,0,0,0,0,24
10006953,02-2024,1,Government,5,INF-KRY,24,0,0,0,0,24
10007662,02-2023,1,Government,8,PID(H),24,0,0,0,0,24
10002600,03-2022,1,Government,5,INF-KRY,24,0,0,0,0,24
10001605,04-2023,1,Government,5,INF-KRY,24,0,0,0,0,24
10001605,05-2023,1,Government,5,INF-KRY,0,24,0,0,0,24
10001569,12-2023,2,Commercial,13,ROP,24,0,0,0,0,24
10000513,10-2023,1,Government,5,INF-KRY,0,24,0,0,0,24
10000702,11-2023,1,Government,2,PID(I),0,24,0,0,0,24
10000233,01-2023,1,Government,5,INF-KRY,0,24,0,0,0,24
10000227,02-2022,1,Government,3,PID(K),24,0,0,0,0,24
10018230,12-2022,1,Government,5,INF-KRY,0,24,0,0,0,24
10016638,06-2022,1,Government,5,INF-KRY,0,24,0,0,0,24
10018546,08-2023,1,Government,5,INF-KRY,24,0,0,0,0,24
10018799,05-2022,1,Government,5,INF-KRY,0,24,0,0,0,24
10019618,03-2022,1,Government,5,INF-KRY,24,0,0,0,0,24
10020602,12-2022,20000001,Government Commercial,10000129,PID(L),24,0,0,0,0,24
10009932,03-2022,1,Government,5,INF-KRY,0,24,0,0,0,24
10009759,03-2022,1,Government,5,INF-KRY,24,0,0,0,0,24
10009897,07-2023,1,Government,5,INF-KRY,0,24,0,0,0,24
10009886,06-2023,1,Government,10000159,DIRECT CLIENT,24,0,0,0,0,24
10009067,01-2024,1,Government,5,INF-KRY,24,0,0,0,0,24
10011166,02-2022,1,Government,5,INF-KRY,24,0,0,0,0,24
10011170,03-2022,1,Government,5,INF-KRY,24,0,0,0,0,24
10014073,02-2023,1,Government,5,INF-KRY,24,0,0,0,0,24
10007585,01-2022,1,Government,5,INF-KRY,0,22,0,0,0,22
10004194,03-2023,1,Government,5,INF-KRY,22,0,0,0,0,22
10030653,03-2022,20000001,Government Commercial,10000130,PID(H),22,0,0,0,0,22
10030637,01-2023,1,Government,10000159,DIRECT CLIENT,21,0,0,0,0,21
10007254,07-2022,20000001,Government Commercial,10000130,PID(H),0,21,0,0,0,21
5032,11-2023,2,Commercial,13,ROP,0,21,0,0,0,21
4548,08-2023,1,Government,5,INF-KRY,20,0,0,0,0,20
10000227,05-2022,1,Government,3,PID(K),20,0,0,0,0,20
10000227,09-2022,1,Government,3,PID(K),20,0,0,0,0,20
10001049,03-2023,1,Government,8,PID(H),0,20,0,0,0,20
10000513,12-2022,1,Government,5,INF-KRY,20,0,0,0,0,20
10006908,05-2023,1,Government,5,INF-KRY,20,0,0,0,0,20
10008063,11-2023,2,Commercial,13,ROP,20,0,0,0,0,20
10004246,07-2023,1,Government,5,INF-KRY,0,20,0,0,0,20
10014245,11-2023,1,Government,5,INF-KRY,20,0,0,0,0,20
10013440,03-2022,1,Government,5,INF-KRY,20,0,0,0,0,20
10012731,01-2023,2,Commercial,13,ROP,0,0,0,20,0,20
10011816,05-2023,1,Government,5,INF-KRY,20,0,0,0,0,20
10009367,05-2023,2,Commercial,13,ROP,20,0,0,0,0,20
10019405,06-2022,1,Government,5,INF-KRY,0,20,0,0,0,20
10021844,09-2023,1,Government,5,INF-KRY,0,20,0,0,0,20
10021642,05-2023,1,Government,5,INF-KRY,0,20,0,0,0,20
10021641,09-2023,1,Government,5,INF-KRY,20,0,0,0,0,20
10021538,01-2023,1,Government,5,INF-KRY,0,20,0,0,0,20
10016877,01-2022,1,Government,5,INF-KRY,20,0,0,0,0,20
10016097,02-2022,1,Government,5,INF-KRY,0,20,0,0,0,20
10015632,05-2022,1,Government,5,INF-KRY,0,20,0,0,0,20
419,06-2022,1,Government,5,INF-KRY,0,20,0,0,0,20
527,11-2023,1,Government,5,INF-KRY,0,20,0,0,0,20
611,10-2022,1,Government,5,INF-KRY,20,0,0,0,0,20
623,04-2023,2,Commercial,13,ROP,20,0,0,0,0,20
623,02-2024,2,Commercial,13,ROP,20,0,0,0,0,20
578,12-2023,1,Government,5,INF-KRY,0,20,0,0,0,20
632,02-2024,1,Government,5,INF-KRY,0,20,0,0,0,20
689,12-2022,20000001,Government Commercial,10000128,PID(K),0,20,0,0,0,20
746,11-2022,20000001,Government Commercial,10000128,PID(K),20,0,0,0,0,20
738,10-2023,1,Government,3,PID(K),0,20,0,0,0,20
705,02-2022,1,Government,10000159,DIRECT CLIENT,20,0,0,0,0,20
705,02-2023,1,Government,10000159,DIRECT CLIENT,20,0,0,0,0,20
738,02-2023,1,Government,3,PID(K),0,20,0,0,0,20
734,04-2023,20000001,Government Commercial,10000128,PID(K),0,0,0,20,0,20
1775,09-2022,20000001,Government Commercial,10000132,PID(I),0,20,0,0,0,20
4376,09-2023,1,Government,3,PID(K),0,20,0,0,0,20
1730,05-2023,1,Government,2,PID(I),0,20,0,0,0,20
10030578,11-2022,20000001,Government Commercial,10000132,PID(I),0,20,0,0,0,20
10030348,03-2022,20000001,Government Commercial,10000129,PID(L),20,0,0,0,0,20
10029988,09-2022,1,Government,5,INF-KRY,20,0,0,0,0,20
10029391,06-2023,2,Commercial,13,ROP,0,0,0,20,0,20
10029226,12-2023,1,Government,10000159,DIRECT CLIENT,20,0,0,0,0,20
10027174,05-2023,2,Commercial,13,ROP,20,0,0,0,0,20
10026912,03-2023,2,Commercial,13,ROP,20,0,0,0,0,20
10024293,01-2024,1,Government,5,INF-KRY,0,20,0,0,0,20
10023886,11-2022,1,Government,5,INF-KRY,20,0,0,0,0,20
10026341,02-2022,2,Commercial,13,ROP,0,20,0,0,0,20
10026727,12-2023,2,Commercial,13,ROP,0,20,0,0,0,20
10025937,02-2024,2,Commercial,13,ROP,0,0,0,20,0,20
10024918,09-2022,1,Government,5,INF-KRY,20,0,0,0,0,20
10022257,06-2022,1,Government,5,INF-KRY,20,0,0,0,0,20
10023430,02-2023,1,Government,5,INF-KRY,20,0,0,0,0,20
10025159,03-2022,1,Government,5,INF-KRY,18,0,0,0,0,18
10028475,02-2023,1,Government,5,INF-KRY,18,0,0,0,0,18
10030348,02-2023,20000001,Government Commercial,10000129,PID(L),18,0,0,0,0,18
10030139,09-2023,2,Commercial,13,ROP,18,0,0,0,0,18
1609,02-2023,1,Government,2,PID(I),18,0,0,0,0,18
579,03-2022,1,Government,5,INF-KRY,18,0,0,0,0,18
597,05-2023,1,Government,5,INF-KRY,18,0,0,0,0,18
510,07-2022,1,Government,5,INF-KRY,18,0,0,0,0,18
478,05-2022,1,Government,5,INF-KRY,18,0,0,0,0,18
10015957,07-2023,1,Government,5,INF-KRY,0,18,0,0,0,18
10015473,05-2022,1,Government,10,AJK,18,0,0,0,0,18
10019433,06-2022,1,Government,5,INF-KRY,18,0,0,0,0,18
10014070,08-2023,1,Government,5,INF-KRY,18,0,0,0,0,18
10006065,12-2022,1,Government,5,INF-KRY,18,0,0,0,0,18
10006194,05-2023,1,Government,5,INF-KRY,16,0,0,0,0,16
10004693,02-2023,1,Government,5,INF-KRY,0,16,0,0,0,16
10005036,12-2023,1,Government,5,INF-KRY,0,16,0,0,0,16
10007644,12-2023,1,Government,5,INF-KRY,0,16,0,0,0,16
10000387,10-2022,1,Government,3,PID(K),0,0,0,16,0,16
10000396,08-2023,2,Commercial,13,ROP,16,0,0,0,0,16
10000828,05-2023,2,Commercial,13,ROP,0,16,0,0,0,16
10001605,12-2022,1,Government,5,INF-KRY,16,0,0,0,0,16
10014070,07-2022,1,Government,5,INF-KRY,0,0,0,16,0,16
10012055,09-2023,1,Government,5,INF-KRY,16,0,0,0,0,16
10011087,03-2022,1,Government,5,INF-KRY,16,0,0,0,0,16
10008813,07-2023,1,Government,5,INF-KRY,0,16,0,0,0,16
10009602,01-2024,1,Government,5,INF-KRY,0,16,0,0,0,16
10021660,05-2023,1,Government,5,INF-KRY,16,0,0,0,0,16
10015355,05-2022,2,Commercial,13,ROP,16,0,0,0,0,16
10016097,01-2024,1,Government,5,INF-KRY,0,16,0,0,0,16
480,01-2024,1,Government,10000159,DIRECT CLIENT,0,0,0,16,0,16
527,12-2022,1,Government,5,INF-KRY,0,16,0,0,0,16
302,05-2022,1,Government,5,INF-KRY,16,0,0,0,0,16
705,06-2023,1,Government,3,PID(K),0,16,0,0,0,16
706,07-2023,1,Government,5,INF-KRY,16,0,0,0,0,16
4307,09-2023,20000001,Government Commercial,10000130,PID(H),0,16,0,0,0,16
10028806,01-2022,1,Government,5,INF-KRY,0,16,0,0,0,16
10026387,09-2023,1,Government,5,INF-KRY,16,0,0,0,0,16
10025937,09-2023,2,Commercial,13,ROP,0,0,0,16,0,16
10023962,09-2023,1,Government,5,INF-KRY,16,0,0,0,0,16
10023088,03-2022,1,Government,5,INF-KRY,16,0,0,0,0,16
10030817,04-2023,2,Commercial,13,ROP,15,0,0,0,0,15
10009348,04-2022,2,Commercial,13,ROP,15,0,0,0,0,15
10010998,10-2022,1,Government,5,INF-KRY,0,14,0,0,0,14
10012984,02-2023,1,Government,5,INF-KRY,14,0,0,0,0,14
10015355,05-2023,2,Commercial,13,ROP,14,0,0,0,0,14
10015177,10-2022,1,Government,5,INF-KRY,0,14,0,0,0,14
10016208,01-2023,1,Government,5,INF-KRY,14,0,0,0,0,14
10001082,07-2023,1,Government,5,INF-KRY,14,0,0,0,0,14
10000313,10-2023,1,Government,10000159,DIRECT CLIENT,14,0,0,0,0,14
4305,04-2023,1,Government,3,PID(K),14,0,0,0,0,14
1670,01-2022,1,Government,2,PID(I),0,14,0,0,0,14
536,11-2022,1,Government,5,INF-KRY,14,0,0,0,0,14
10023168,09-2023,1,Government,10000159,DIRECT CLIENT,14,0,0,0,0,14
10027977,01-2022,1,Government,3,PID(K),14,0,0,0,0,14
10023430,03-2022,1,Government,5,INF-KRY,12,0,0,0,0,12
10022483,12-2023,2,Commercial,13,ROP,12,0,0,0,0,12
299,09-2023,1,Government,5,INF-KRY,12,0,0,0,0,12
730,11-2022,1,Government,5,INF-KRY,12,0,0,0,0,12
738,10-2022,1,Government,3,PID(K),0,12,0,0,0,12
748,08-2022,1,Government,3,PID(K),12,0,0,0,0,12
10006809,01-2023,1,Government,5,INF-KRY,12,0,0,0,0,12
10005364,11-2023,20000001,Government Commercial,10000128,PID(K),0,12,0,0,0,12
10015177,03-2023,1,Government,5,INF-KRY,10,0,0,0,0,10
10015000,07-2023,20000001,Government Commercial,10000160,DIRECT CLIENT,0,10,0,0,0,10
10021551,02-2023,2,Commercial,13,ROP,0,10,0,0,0,10
10021551,03-2023,2,Commercial,13,ROP,0,10,0,0,0,10
1743,09-2023,20000001,Government Commercial,10000132,PID(I),0,10,0,0,0,10
351,09-2023,1,Government,5,INF-KRY,10,0,0,0,0,10
10030943,03-2023,2,Commercial,13,ROP,0,0,0,10,0,10
